{
    "providers": [
        {
            "type": "bitmap",
            "file": "minecraft:custom_font/icons/join_arrow.png",
            "ascent": 8,
            "height": 9,
            "chars": ["\uE000"]
        },
        {
            "type": "bitmap",
            "file": "minecraft:custom_font/icons/game_die.png",
            "ascent": 8,
            "height": 8,
            "chars": ["\uE001"]
        },
        {
            "type": "bitmap",
            "file": "minecraft:custom_font/numbers/zero.png",
            "ascent": 7,
            "height": 7,
            "chars": ["\uF000"]
        },
        {
            "type": "bitmap",
            "file": "minecraft:custom_font/numbers/one.png",
            "ascent": 7,
            "height": 7,
            "chars": ["\uF001"]
        },
        {
            "type": "bitmap",
            "file": "minecraft:custom_font/numbers/two.png",
            "ascent": 7,
            "height": 7,
            "chars": ["\uF002"]
        },
        {
            "type": "bitmap",
            "file": "minecraft:custom_font/numbers/three.png",
            "ascent": 7,
            "height": 7,
            "chars": ["\uF003"]
        },
        {
            "type": "bitmap",
            "file": "minecraft:custom_font/numbers/four.png",
            "ascent": 7,
            "height": 7,
            "chars": ["\uF004"]
        },
        {
            "type": "bitmap",
            "file": "minecraft:custom_font/numbers/five.png",
            "ascent": 7,
            "height": 7,
            "chars": ["\uF005"]
        },
        {
            "type": "bitmap",
            "file": "minecraft:custom_font/numbers/six.png",
            "ascent": 7,
            "height": 7,
            "chars": ["\uF006"]
        },
        {
            "type": "bitmap",
            "file": "minecraft:custom_font/numbers/seven.png",
            "ascent": 7,
            "height": 7,
            "chars": ["\uF007"]
        },
        {
            "type": "bitmap",
            "file": "minecraft:custom_font/numbers/eight.png",
            "ascent": 7,
            "height": 7,
            "chars": ["\uF008"]
        },
        {
            "type": "bitmap",
            "file": "minecraft:custom_font/numbers/nine.png",
            "ascent": 7,
            "height": 7,
            "chars": ["\uF009"]
        }
    ]
}