{
	"credit": "Made with Blockbench",
	"texture_size": [4746, 1326],
	"textures": {
		"2": "block/custom/table"
	},
	"elements": [
		{
			"from": [8.5, 0, -10],
			"to": [10.5, 8.25, -7],
			"rotation": {"angle": 0, "axis": "y", "origin": [16, 0, 16]},
			"faces": {
				"north": {"uv": [11.22261, 8, 10.66667, 12.5668], "texture": "#2"},
				"east": {"uv": [11.31701, 8, 10.66667, 12.5668], "texture": "#2"},
				"south": {"uv": [11.38106, 8, 10.66667, 12.5668], "texture": "#2"},
				"west": {"uv": [10.66667, 8, 11.28666, 13.12186], "texture": "#2"},
				"up": {"uv": [11.42833, 12.42731, 10.73079, 8.10677], "texture": "#2"},
				"down": {"uv": [10.69332, 8.31762, 10.66667, 8.17204], "texture": "#2"}
			}
		},
		{
			"from": [8.5, 0, 13],
			"to": [10.5, 8.25, 16],
			"rotation": {"angle": 0, "axis": "y", "origin": [16, 0, 16]},
			"faces": {
				"north": {"uv": [11.22261, 8, 10.66667, 12.5668], "texture": "#2"},
				"east": {"uv": [11.31701, 8, 10.66667, 12.5668], "texture": "#2"},
				"south": {"uv": [11.38106, 8, 10.66667, 12.5668], "texture": "#2"},
				"west": {"uv": [10.66667, 8, 11.28666, 13.12186], "texture": "#2"},
				"up": {"uv": [11.42833, 12.42731, 10.73079, 8.10677], "texture": "#2"},
				"down": {"uv": [10.69332, 8.31762, 10.66667, 8.17204], "texture": "#2"}
			}
		},
		{
			"from": [8.5, 11, -12],
			"to": [10.5, 29, 16.75],
			"faces": {
				"north": {"uv": [8, 8, 10.62653, 8.5385], "rotation": 90, "texture": "#2"},
				"east": {"uv": [8.22587, 8.56712, 10.40403, 15.37255], "rotation": 270, "texture": "#2"},
				"south": {"uv": [8, 8, 10.64339, 8.4804], "rotation": 270, "texture": "#2"},
				"west": {"uv": [8.22587, 8.62745, 10.38717, 15.31222], "rotation": 270, "texture": "#2"},
				"up": {"uv": [8, 8, 10.57933, 8.4804], "rotation": 270, "texture": "#2"},
				"down": {"uv": [8, 8, 10.57933, 8.47931], "rotation": 270, "texture": "#2"}
			}
		},
		{
			"from": [7.5, 8.5, -14],
			"to": [11.25, 31.25, -12],
			"faces": {
				"north": {"uv": [0, 0, 0.54016, 16], "texture": "#2"},
				"east": {"uv": [0, 0, 0.58663, 16], "texture": "#2"},
				"south": {"uv": [0, 0, 0.57311, 16], "texture": "#2"},
				"west": {"uv": [0, 0, 0.56974, 16], "texture": "#2"},
				"up": {"uv": [0, 15.97587, 0.54867, 13.69532], "texture": "#2"},
				"down": {"uv": [0, 14.39517, 0.41719, 16], "texture": "#2"}
			}
		},
		{
			"from": [7.5, 28.75, -12],
			"to": [11.25, 31.25, 17],
			"faces": {
				"north": {"uv": [0, 0, 0.06897, 0.10127], "texture": "#2"},
				"east": {"uv": [0, 15.96983, 7.9056, 14.8175], "texture": "#2"},
				"south": {"uv": [0, 0, 0.5276, 16], "texture": "#2"},
				"west": {"uv": [0, 15.96983, 7.94269, 14.87783], "texture": "#2"},
				"up": {"uv": [0, 0, 0.48805, 16], "texture": "#2"},
				"down": {"uv": [0, 0, 0.56457, 16], "texture": "#2"}
			}
		},
		{
			"from": [7.5, 8.5, -12],
			"to": [11.25, 11, 17],
			"faces": {
				"north": {"uv": [0, 0, 0.06897, 0.10127], "texture": "#2"},
				"east": {"uv": [0, 15.96983, 7.92246, 14.87783], "texture": "#2"},
				"south": {"uv": [0, 0, 0.51075, 16], "texture": "#2"},
				"west": {"uv": [0, 14.90196, 7.86178, 16], "texture": "#2"},
				"up": {"uv": [0, 0, 0.44576, 16], "texture": "#2"},
				"down": {"uv": [0, 0, 0.39107, 16], "texture": "#2"}
			}
		},
		{
			"from": [7.5, 8.5, 17],
			"to": [11.25, 31.25, 19],
			"faces": {
				"north": {"uv": [0, 0, 0.56974, 16], "texture": "#2"},
				"east": {"uv": [0, 0, 0.46526, 16], "texture": "#2"},
				"south": {"uv": [0, 0, 0.56815, 16], "texture": "#2"},
				"west": {"uv": [0, 0, 0.56191, 16], "texture": "#2"},
				"up": {"uv": [0, 0, 0.46919, 2.69012], "texture": "#2"},
				"down": {"uv": [0, 14.12971, 0.45428, 16], "texture": "#2"}
			}
		}
	],
	"display": {
		"fixed": {
			"rotation": [-90, 0, 0],
			"translation": [0.25, -2.75, -29.25],
			"scale": [4, 4, 4]
		}
	},
	"groups": [
		{
			"name": "group",
			"origin": [16, 0, 16],
			"color": 0,
			"children": [0, 1]
		},
		{
			"name": "group",
			"origin": [16, 0, 16],
			"color": 0,
			"children": []
		},
		2,
		3,
		4,
		5,
		6
	]
}