{
	"credit": "Made with Blockbench",
	"texture_size": [2373, 1326],
	"textures": {
		"6": "block/custom/table"
	},
	"elements": [
		{
			"from": [8.5, 0, -10],
			"to": [10.5, 9.5, -7],
			"rotation": {"angle": 0, "axis": "y", "origin": [16, 0, 16]},
			"faces": {
				"north": {"uv": [6.44522, 8, 5.33333, 12.5668], "texture": "#6"},
				"east": {"uv": [6.63401, 8, 5.33333, 12.5668], "texture": "#6"},
				"south": {"uv": [6.76212, 8, 5.33333, 12.5668], "texture": "#6"},
				"west": {"uv": [5.33333, 8, 6.57333, 13.12186], "texture": "#6"},
				"up": {"uv": [6.85665, 12.42731, 5.46158, 8.10677], "texture": "#6"},
				"down": {"uv": [5.38664, 8.31762, 5.33333, 8.17204], "texture": "#6"}
			}
		},
		{
			"from": [8.5, 0, 13],
			"to": [10.5, 9.5, 16],
			"rotation": {"angle": 0, "axis": "y", "origin": [16, 0, 16]},
			"faces": {
				"north": {"uv": [6.44522, 8, 5.33333, 12.5668], "texture": "#6"},
				"east": {"uv": [6.63401, 8, 5.33333, 12.5668], "texture": "#6"},
				"south": {"uv": [6.76212, 8, 5.33333, 12.5668], "texture": "#6"},
				"west": {"uv": [5.33333, 8, 6.57333, 13.12186], "texture": "#6"},
				"up": {"uv": [6.85665, 12.42731, 5.46158, 8.10677], "texture": "#6"},
				"down": {"uv": [5.38664, 8.31762, 5.33333, 8.17204], "texture": "#6"}
			}
		},
		{
			"from": [8.5, 9.5, -15],
			"to": [10.5, 31.75, 21],
			"faces": {
				"north": {"uv": [0, 8, 5.25306, 8.5385], "rotation": 90, "texture": "#6"},
				"east": {"uv": [0, 8, 5.28677, 16], "rotation": 270, "texture": "#6"},
				"south": {"uv": [0, 8, 5.28677, 8.4804], "rotation": 270, "texture": "#6"},
				"west": {"uv": [0, 8, 5.28677, 16], "rotation": 270, "texture": "#6"},
				"up": {"uv": [0, 8, 5.15866, 8.4804], "rotation": 270, "texture": "#6"},
				"down": {"uv": [0, 8, 5.15866, 8.47931], "rotation": 270, "texture": "#6"}
			}
		}
	],
	"display": {
		"fixed": {
			"rotation": [-90, 0, 0],
			"translation": [0.25, -2.75, -29.25],
			"scale": [4, 4, 4]
		}
	},
	"groups": [
		{
			"name": "group",
			"origin": [16, 0, 16],
			"color": 0,
			"children": [0, 1]
		},
		{
			"name": "group",
			"origin": [16, 0, 16],
			"color": 0,
			"children": []
		},
		2
	]
}