{
	"credit": "Made with Blockbench",
	"texture_size": [2373, 1326],
	"textures": {
		"6": "block/custom/table"
	},
	"elements": [
		{
			"from": [14, 0, 14],
			"to": [17, 9, 17],
			"faces": {
				"north": {"uv": [6.76212, 8, 5.33333, 12.5668], "texture": "#6"},
				"east": {"uv": [5.33333, 8, 7.08576, 13.53211], "texture": "#6"},
				"south": {"uv": [5.33333, 8, 6.98462, 12.5668], "texture": "#6"},
				"west": {"uv": [5.33333, 8, 6.92741, 14.31092], "texture": "#6"},
				"up": {"uv": [5.46158, 8.10677, 5.51489, 8.25235], "texture": "#6"},
				"down": {"uv": [5.33333, 8.17204, 5.38664, 8.31762], "texture": "#6"}
			}
		},
		{
			"from": [-1, 0, 14],
			"to": [2, 9, 17],
			"rotation": {"angle": 0, "axis": "y", "origin": [16, 0, 0]},
			"faces": {
				"north": {"uv": [6.76212, 8, 5.33333, 12.5668], "texture": "#6"},
				"east": {"uv": [6.92741, 8, 5.33333, 14.31092], "texture": "#6"},
				"south": {"uv": [6.98462, 8, 5.33333, 12.5668], "texture": "#6"},
				"west": {"uv": [7.27455, 8, 5.33333, 12.95293], "texture": "#6"},
				"up": {"uv": [5.51489, 8.10677, 5.46158, 8.25235], "texture": "#6"},
				"down": {"uv": [5.38664, 8.17204, 5.33333, 8.31762], "texture": "#6"}
			}
		},
		{
			"from": [-1, 0, -12],
			"to": [2, 9, -9],
			"rotation": {"angle": 0, "axis": "y", "origin": [16, 0, 16]},
			"faces": {
				"north": {"uv": [6.76212, 8, 5.33333, 12.5668], "texture": "#6"},
				"east": {"uv": [6.76212, 8, 5.33333, 12.5668], "texture": "#6"},
				"south": {"uv": [6.76212, 8, 5.33333, 12.5668], "texture": "#6"},
				"west": {"uv": [5.33333, 8, 7.14644, 13.12186], "texture": "#6"},
				"up": {"uv": [5.51489, 8.25235, 5.46158, 8.10677], "texture": "#6"},
				"down": {"uv": [5.38664, 8.31762, 5.33333, 8.17204], "texture": "#6"}
			}
		},
		{
			"from": [14, 0, -12],
			"to": [17, 9, -9],
			"rotation": {"angle": 0, "axis": "y", "origin": [0, 0, 16]},
			"faces": {
				"north": {"uv": [6.76212, 8, 5.33333, 12.5668], "texture": "#6"},
				"east": {"uv": [6.76212, 8, 5.33333, 13.47178], "texture": "#6"},
				"south": {"uv": [6.76212, 8, 5.33333, 12.5668], "texture": "#6"},
				"west": {"uv": [6.76212, 8, 5.33333, 12.5668], "texture": "#6"},
				"up": {"uv": [5.46158, 8.25235, 5.51489, 8.10677], "texture": "#6"},
				"down": {"uv": [5.33333, 8.31762, 5.38664, 8.17204], "texture": "#6"}
			}
		},
		{
			"from": [2, 4, 15.75],
			"to": [14, 9, 16],
			"rotation": {"angle": 0, "axis": "y", "origin": [16, 0, 0]},
			"faces": {
				"north": {"uv": [0, 0, 5.2968, 8.06778], "texture": "#6"},
				"east": {"uv": [0.01349, 0, 0.01349, 0.0724], "texture": "#missing"},
				"south": {"uv": [0, 0, 5.26309, 8.00745], "texture": "#6"},
				"west": {"uv": [0.01349, 0, 0.01349, 0.0724], "texture": "#missing"},
				"up": {"uv": [0.01349, 0, 0.0944, 0], "texture": "#missing"},
				"down": {"uv": [0.06202, 0, 0.43411, 0], "texture": "#6"}
			}
		},
		{
			"from": [2, 4, -10.95],
			"to": [14, 9, -10.7],
			"rotation": {"angle": 0, "axis": "y", "origin": [16, 0, 0]},
			"faces": {
				"north": {"uv": [0, 0, 5.2968, 8.00745], "texture": "#6"},
				"east": {"uv": [0.01349, 0, 0.01349, 0.0724], "texture": "#missing"},
				"south": {"uv": [0, 0, 5.26309, 8.06778], "texture": "#6"},
				"west": {"uv": [0.01349, 0, 0.01349, 0.0724], "texture": "#missing"},
				"up": {"uv": [0.01349, 0, 0.0944, 0], "texture": "#missing"},
				"down": {"uv": [0.06202, 0, 0.43411, 0], "texture": "#6"}
			}
		},
		{
			"from": [1, 3, -10.75],
			"to": [15, 4, 15.75],
			"faces": {
				"north": {"uv": [0, 8, 5.26225, 8.47878], "texture": "#6"},
				"east": {"uv": [0, 8, 5.05753, 8.47878], "texture": "#6"},
				"south": {"uv": [0, 8, 5.13414, 8.53911], "texture": "#6"},
				"west": {"uv": [0, 8, 5.21935, 8.47878], "texture": "#6"},
				"up": {"uv": [0, 8, 5.25306, 16], "texture": "#6"},
				"down": {"uv": [0, 8, 5.28922, 16], "texture": "#6"}
			}
		},
		{
			"from": [-2, 9, -13],
			"to": [18, 11, 18],
			"faces": {
				"north": {"uv": [0, 8, 5.25306, 8.5385], "texture": "#6"},
				"east": {"uv": [0, 8, 5.15866, 8.4804], "texture": "#6"},
				"south": {"uv": [0, 8, 5.28677, 8.4804], "texture": "#6"},
				"west": {"uv": [0, 8, 5.15866, 8.47931], "texture": "#6"},
				"up": {"uv": [0, 8, 5.28677, 16], "texture": "#6"},
				"down": {"uv": [0, 8, 5.28677, 16], "texture": "#6"}
			}
		},
		{
			"from": [5.25, 11, -5.75],
			"to": [9.25, 14.75, -1.75],
			"rotation": {"angle": -45, "axis": "y", "origin": [0, 0, 0]},
			"faces": {
				"north": {"uv": [10.66667, 8, 16, 16], "texture": "#6"},
				"east": {"uv": [10.66667, 8, 16, 16], "texture": "#6"},
				"south": {"uv": [10.66667, 8, 16, 16], "texture": "#6"},
				"west": {"uv": [10.66667, 8, 16, 16], "texture": "#6"},
				"up": {"uv": [10.66667, 8, 16, 16], "texture": "#6"},
				"down": {"uv": [10.66667, 8, 16, 16], "texture": "#6"}
			}
		},
		{
			"from": [5.25, 14.75, -5.75],
			"to": [9.25, 14.75, -1.75],
			"rotation": {"angle": -45, "axis": "y", "origin": [0, 0, 0]},
			"faces": {
				"north": {"uv": [10.66667, 8, 10.77455, 8.19306], "texture": "#6"},
				"east": {"uv": [10.66667, 8, 10.77455, 8.19306], "texture": "#6"},
				"south": {"uv": [10.66667, 8, 10.77455, 8.19306], "texture": "#6"},
				"west": {"uv": [10.66667, 8, 10.77455, 8.19306], "texture": "#6"},
				"up": {"uv": [10.66667, 0, 16, 8.05454], "texture": "#6"},
				"down": {"uv": [10.66667, 8, 10.77455, 8.19306], "texture": "#6"}
			}
		},
		{
			"from": [4.75, 14, -1.75],
			"to": [9.75, 15.25, -1.25],
			"rotation": {"angle": -45, "axis": "y", "origin": [0, 0, 0]},
			"faces": {
				"north": {"uv": [10.66667, 8, 10.77455, 8.03682], "texture": "#6"},
				"east": {"uv": [10.66667, 8, 10.67004, 8.02413], "texture": "#6"},
				"south": {"uv": [10.66667, 8, 16, 9.64165], "texture": "#6"},
				"west": {"uv": [10.66667, 8, 10.67004, 8.02413], "texture": "#6"},
				"up": {"uv": [10.66667, 8, 10.70038, 8.00603], "texture": "#6"},
				"down": {"uv": [10.66667, 8, 10.70038, 8.00603], "texture": "#6"}
			}
		},
		{
			"from": [4.75, 14, -6.25],
			"to": [9.75, 15.25, -5.75],
			"rotation": {"angle": -45, "axis": "y", "origin": [0, 0, 0]},
			"faces": {
				"north": {"uv": [10.66667, 8, 16, 9.52099], "texture": "#6"},
				"east": {"uv": [10.66667, 8, 10.67004, 8.02413], "texture": "#6"},
				"south": {"uv": [10.66667, 8, 10.77455, 8.03682], "texture": "#6"},
				"west": {"uv": [10.66667, 8, 10.67004, 8.02413], "texture": "#6"},
				"up": {"uv": [10.66667, 8, 10.70038, 8.00603], "texture": "#6"},
				"down": {"uv": [10.66667, 8, 10.70038, 8.00603], "texture": "#6"}
			}
		},
		{
			"from": [9.25, 14, -5.75],
			"to": [9.75, 15.25, -1.75],
			"rotation": {"angle": -45, "axis": "y", "origin": [0, 0, 0]},
			"faces": {
				"north": {"uv": [10.66667, 8, 10.67004, 8.02413], "texture": "#6"},
				"east": {"uv": [10.66667, 8, 16, 9.52172], "texture": "#6"},
				"south": {"uv": [10.66667, 8, 10.67004, 8.02413], "texture": "#6"},
				"west": {"uv": [10.66667, 8, 10.77455, 8.03539], "texture": "#6"},
				"up": {"uv": [10.66667, 8, 10.67004, 8.04827], "texture": "#6"},
				"down": {"uv": [10.66667, 8, 10.67004, 8.04827], "texture": "#6"}
			}
		},
		{
			"from": [4.75, 14, -5.75],
			"to": [5.25, 15.25, -1.75],
			"rotation": {"angle": -45, "axis": "y", "origin": [0, 0, 0]},
			"faces": {
				"north": {"uv": [10.66667, 8, 10.67004, 8.02413], "texture": "#6"},
				"east": {"uv": [10.66667, 8, 10.77455, 8.03756], "texture": "#6"},
				"south": {"uv": [10.66667, 8, 10.67004, 8.02413], "texture": "#6"},
				"west": {"uv": [10.66667, 8, 16, 9.35062], "texture": "#6"},
				"up": {"uv": [10.66667, 8, 10.67004, 8.04827], "texture": "#6"},
				"down": {"uv": [10.66667, 8, 10.67004, 8.04827], "texture": "#6"}
			}
		}
	],
	"display": {
		"fixed": {
			"rotation": [-90, 0, 0],
			"translation": [0.25, -2.75, -21.75],
			"scale": [2.04493, 2.73633, 2.14063]
		}
	},
	"groups": [
		0,
		1,
		2,
		3,
		4,
		5,
		6,
		7,
		{
			"name": "Pot",
			"origin": [0, 0, 0],
			"color": 0,
			"children": [8, 9, 10, 11, 12, 13]
		}
	]
}