{
	"credit": "Made with Blockbench",
	"textures": {
		"0": "item/custom/gear/blue",
		"particle": "item/custom/gear/blue"
	},
	"elements": [
		{
			"from": [0, 0.25, 0],
			"to": [16, 1.75, 16],
			"faces": {
				"north": {"uv": [0, 0, 16, 1.5], "texture": "#0"},
				"east": {"uv": [0, 0, 16, 1.5], "texture": "#0"},
				"south": {"uv": [0, 0, 16, 1.5], "texture": "#0"},
				"west": {"uv": [0, 0, 16, 1.5], "texture": "#0"},
				"up": {"uv": [0, 0, 16, 12], "texture": "#0"},
				"down": {"uv": [0, 0, 16, 11], "texture": "#0"}
			}
		},
		{
			"from": [2, 1, 2],
			"to": [14, 13, 14],
			"faces": {
				"north": {"uv": [0, 0, 16, 16], "texture": "#0"},
				"east": {"uv": [0, 0, 16, 16], "texture": "#0"},
				"south": {"uv": [0, 0, 16, 16], "texture": "#0"},
				"west": {"uv": [0, 0, 16, 16], "texture": "#0"},
				"up": {"uv": [0, 0, 12, 12], "texture": "#0"},
				"down": {"uv": [0, 0, 12, 12], "texture": "#0"}
			}
		}
	],
	"display": {
		"thirdperson_righthand": {
			"translation": [0, 0, -1.5],
			"scale": [0.38477, 0.38477, 0.38477]
		},
		"thirdperson_lefthand": {
			"scale": [0.38477, 0.38477, 0.38477]
		},
		"firstperson_righthand": {
			"translation": [0, 4.75, 0],
			"scale": [0.5918, 0.5918, 0.5918]
		},
		"firstperson_lefthand": {
			"translation": [0, 4.75, 0],
			"scale": [0.5918, 0.5918, 0.5918]
		},
		"ground": {
			"translation": [0, 2.25, 0]
		},
		"gui": {
			"translation": [0, 1.5, 0]
		},
		"head": {
			"translation": [0, 12.25, 0]
		}
	}
}