{
	"credit": "Made with Blockbench",
	"textures": {
		"0": "item/custom/gear/blue",
		"particle": "item/custom/gear/blue"
	},
	"elements": [
		{
			"from": [0, 0.25, 0],
			"to": [16, 1.75, 16],
			"faces": {
				"north": {"uv": [0, 0, 16, 1.5], "texture": "#0"},
				"east": {"uv": [0, 0, 16, 1.5], "texture": "#0"},
				"south": {"uv": [0, 0, 16, 1.5], "texture": "#0"},
				"west": {"uv": [0, 0, 16, 1.5], "texture": "#0"},
				"up": {"uv": [0, 0, 16, 12], "texture": "#0"},
				"down": {"uv": [0, 0, 16, 16], "texture": "#0"}
			}
		},
		{
			"from": [2, 1, 2],
			"to": [14, 13, 14],
			"faces": {
				"north": {"uv": [0, 0, 16, 16], "texture": "#0"},
				"east": {"uv": [0, 0, 16, 16], "texture": "#0"},
				"south": {"uv": [0, 0, 16, 16], "texture": "#0"},
				"west": {"uv": [0, 0, 16, 16], "texture": "#0"},
				"up": {"uv": [0, 0, 12, 12], "texture": "#0"},
				"down": {"uv": [0, 0, 12, 12], "texture": "#0"}
			}
		}
	],
	"display": {
		"head": {
			"translation": [0, 14.25, 0]
		}
	}
}