{
	"credit": "Made with Blockbench",
	"textures": {
		"0": "item/custom/gear/orange",
		"particle": "item/custom/gear/orange"
	},
	"elements": [
		{
			"from": [0, 0, 0],
			"to": [16, 7, 1],
			"faces": {
				"north": {"uv": [0, 0, 8, 7], "texture": "#0"},
				"east": {"uv": [0, 0, 1, 7], "texture": "#0"},
				"south": {"uv": [0, 2, 8, 4], "texture": "#0"},
				"west": {"uv": [0.25, 0, 1.25, 7], "texture": "#0"},
				"up": {"uv": [8, 5, 0, 4], "texture": "#0"},
				"down": {"uv": [7, 12, 0, 13], "texture": "#0"}
			}
		},
		{
			"from": [0, 0, 15],
			"to": [16, 7, 16],
			"faces": {
				"north": {"uv": [0, 0, 8, 2], "texture": "#0"},
				"east": {"uv": [0, 0, 1, 7], "texture": "#0"},
				"south": {"uv": [0, 0, 8, 7], "texture": "#0"},
				"west": {"uv": [2, 0, 0, 7], "texture": "#0"},
				"up": {"uv": [8, 5, 0, 4], "texture": "#0"},
				"down": {"uv": [7, 12, 0, 13], "texture": "#0"}
			}
		},
		{
			"from": [0, 0, 1],
			"to": [1, 7, 15],
			"faces": {
				"north": {"uv": [0, 0, 8, 2], "texture": "#0"},
				"east": {"uv": [6, 8, 7, 10], "texture": "#0"},
				"south": {"uv": [0, 2, 8, 4], "texture": "#0"},
				"west": {"uv": [0, 0, 8, 7], "texture": "#0"},
				"up": {"uv": [8, 5, 0, 4], "texture": "#0"},
				"down": {"uv": [6, 12, 0, 13], "texture": "#0"}
			}
		},
		{
			"from": [15, 0, 1],
			"to": [16, 7, 15],
			"faces": {
				"north": {"uv": [0, 0, 8, 2], "texture": "#0"},
				"east": {"uv": [0, 0, 8, 7], "texture": "#0"},
				"south": {"uv": [0, 2, 8, 4], "texture": "#0"},
				"west": {"uv": [0, 2, 1, 4], "texture": "#0"},
				"up": {"uv": [8, 5, 0, 4], "texture": "#0"},
				"down": {"uv": [6, 12, 0, 13], "texture": "#0"}
			}
		},
		{
			"from": [6, 7, 0],
			"to": [10, 8, 1],
			"faces": {
				"north": {"uv": [0, 12, 4, 13], "texture": "#0"},
				"east": {"uv": [0, 12, 1, 13], "texture": "#0"},
				"south": {"uv": [0, 12, 4, 13], "texture": "#0"},
				"west": {"uv": [0, 12, 1, 13], "texture": "#0"},
				"up": {"uv": [0, 12, 4, 13], "texture": "#0"},
				"down": {"uv": [0, 12, 4, 13], "texture": "#0"}
			}
		},
		{
			"from": [14, 7, 0],
			"to": [15, 8, 1],
			"faces": {
				"north": {"uv": [1, 12, 2, 13], "texture": "#0"},
				"east": {"uv": [1, 12, 2, 13], "texture": "#0"},
				"south": {"uv": [0, 13, 1, 14], "texture": "#0"},
				"west": {"uv": [1, 12, 2, 13], "texture": "#0"},
				"up": {"uv": [1, 12, 2, 13], "texture": "#0"},
				"down": {"uv": [1, 12, 2, 13], "texture": "#0"}
			}
		},
		{
			"from": [1, 7, 0],
			"to": [2, 8, 1],
			"faces": {
				"north": {"uv": [1, 12, 2, 13], "texture": "#0"},
				"east": {"uv": [1, 12, 2, 13], "texture": "#0"},
				"south": {"uv": [0, 13, 1, 14], "texture": "#0"},
				"west": {"uv": [1, 12, 2, 13], "texture": "#0"},
				"up": {"uv": [1, 12, 2, 13], "texture": "#0"},
				"down": {"uv": [1, 12, 2, 13], "texture": "#0"}
			}
		},
		{
			"from": [6, 10, 0],
			"to": [10, 11, 1],
			"faces": {
				"north": {"uv": [0, 12, 4, 13], "texture": "#0"},
				"east": {"uv": [0, 12, 1, 13], "texture": "#0"},
				"south": {"uv": [0, 12, 4, 13], "texture": "#0"},
				"west": {"uv": [0, 12, 1, 13], "texture": "#0"},
				"up": {"uv": [0, 12, 4, 13], "texture": "#0"},
				"down": {"uv": [0, 12, 4, 13], "texture": "#0"}
			}
		},
		{
			"from": [7, 11, 0],
			"to": [9, 12, 1],
			"faces": {
				"north": {"uv": [0, 12, 2, 13], "texture": "#0"},
				"east": {"uv": [0, 12, 1, 13], "texture": "#0"},
				"south": {"uv": [0, 12, 2, 13], "texture": "#0"},
				"west": {"uv": [0, 12, 1, 13], "texture": "#0"},
				"up": {"uv": [0, 12, 2, 13], "texture": "#0"},
				"down": {"uv": [0, 12, 2, 13], "texture": "#0"}
			}
		},
		{
			"from": [7, 8, 0],
			"to": [9, 10, 1],
			"faces": {
				"north": {"uv": [0, 12, 2, 14], "texture": "#0"},
				"east": {"uv": [0, 12, 1, 14], "texture": "#0"},
				"south": {"uv": [0, 12, 2, 14], "texture": "#0"},
				"west": {"uv": [0, 12, 1, 14], "texture": "#0"},
				"up": {"uv": [0, 12, 2, 13], "texture": "#0"},
				"down": {"uv": [0, 12, 2, 13], "texture": "#0"}
			}
		},
		{
			"from": [0, 8, 15],
			"to": [1, 9, 16],
			"rotation": {"angle": 0, "axis": "y", "origin": [16, 0, 16]},
			"faces": {
				"north": {"uv": [0, 12, 1, 13], "texture": "#0"},
				"east": {"uv": [0, 12, 1, 13], "texture": "#0"},
				"south": {"uv": [0, 12, 1, 13], "texture": "#0"},
				"west": {"uv": [2, 12, 1, 13], "texture": "#0"},
				"up": {"uv": [0, 12, 1, 13], "texture": "#0"},
				"down": {"uv": [0, 12, 1, 13], "texture": "#0"}
			}
		},
		{
			"from": [0, 7, 15],
			"to": [2, 8, 16],
			"rotation": {"angle": 0, "axis": "y", "origin": [16, 0, 16]},
			"faces": {
				"north": {"uv": [0, 12, 2, 13], "texture": "#0"},
				"east": {"uv": [1, 12, 2, 13], "texture": "#0"},
				"south": {"uv": [0, 12, 2, 13], "texture": "#0"},
				"west": {"uv": [0.75, 12, 2, 13], "texture": "#0"},
				"up": {"uv": [1, 12, 3, 13], "texture": "#0"},
				"down": {"uv": [0, 12, 2, 13], "texture": "#0"}
			}
		},
		{
			"from": [6, 7, 15],
			"to": [10, 8, 16],
			"rotation": {"angle": 0, "axis": "y", "origin": [0, 0, 16]},
			"faces": {
				"north": {"uv": [2, 12, 6, 13], "texture": "#0"},
				"east": {"uv": [0, 12, 1, 13], "texture": "#0"},
				"south": {"uv": [2, 12, 6, 13], "texture": "#0"},
				"west": {"uv": [0, 12, 1, 13], "texture": "#0"},
				"up": {"uv": [0, 12, 4, 13], "texture": "#0"},
				"down": {"uv": [0, 12, 3, 13], "texture": "#0"}
			}
		},
		{
			"from": [7, 8, 15],
			"to": [9, 10, 16],
			"rotation": {"angle": 0, "axis": "y", "origin": [0, 0, 16]},
			"faces": {
				"north": {"uv": [0, 12, 2, 14], "texture": "#0"},
				"east": {"uv": [0, 12, 1, 14], "texture": "#0"},
				"south": {"uv": [0, 12, 2, 14], "texture": "#0"},
				"west": {"uv": [0, 12, 1, 14], "texture": "#0"},
				"up": {"uv": [0, 12, 2, 13], "texture": "#0"},
				"down": {"uv": [0, 12, 1, 13], "texture": "#0"}
			}
		},
		{
			"from": [7, 11, 15],
			"to": [9, 12, 16],
			"rotation": {"angle": 0, "axis": "y", "origin": [0, 0, 16]},
			"faces": {
				"north": {"uv": [0, 12, 2, 13], "texture": "#0"},
				"east": {"uv": [0, 12, 1, 13], "texture": "#0"},
				"south": {"uv": [0, 12, 2, 13], "texture": "#0"},
				"west": {"uv": [0, 12, 1, 13], "texture": "#0"},
				"up": {"uv": [0, 12, 2, 13], "texture": "#0"},
				"down": {"uv": [0, 12, 1, 13], "texture": "#0"}
			}
		},
		{
			"from": [6, 10, 15],
			"to": [10, 11, 16],
			"rotation": {"angle": 0, "axis": "y", "origin": [0, 0, 16]},
			"faces": {
				"north": {"uv": [2, 12, 6, 13], "texture": "#0"},
				"east": {"uv": [0, 12, 1, 13], "texture": "#0"},
				"south": {"uv": [2, 12, 6, 13], "texture": "#0"},
				"west": {"uv": [0, 12, 1, 13], "texture": "#0"},
				"up": {"uv": [0, 12, 4, 13], "texture": "#0"},
				"down": {"uv": [0, 12, 3, 13], "texture": "#0"}
			}
		},
		{
			"from": [11, 7, 15],
			"to": [13, 8, 16],
			"rotation": {"angle": 0, "axis": "y", "origin": [0, 0, 16]},
			"faces": {
				"north": {"uv": [0, 11, 2, 12], "texture": "#0"},
				"east": {"uv": [0, 11, 1, 12], "texture": "#0"},
				"south": {"uv": [0, 11, 2, 12], "texture": "#0"},
				"west": {"uv": [0, 11, 1, 12], "texture": "#0"},
				"up": {"uv": [0, 11, 2, 12], "texture": "#0"},
				"down": {"uv": [0, 11, 1, 12], "texture": "#0"}
			}
		},
		{
			"from": [3, 7, 15],
			"to": [5, 8, 16],
			"rotation": {"angle": 0, "axis": "y", "origin": [0, 0, 16]},
			"faces": {
				"north": {"uv": [0, 11, 2, 12], "texture": "#0"},
				"east": {"uv": [0, 11, 1, 12], "texture": "#0"},
				"south": {"uv": [0, 11, 2, 12], "texture": "#0"},
				"west": {"uv": [0, 11, 1, 12], "texture": "#0"},
				"up": {"uv": [0, 11, 2, 12], "texture": "#0"},
				"down": {"uv": [0, 11, 1, 12], "texture": "#0"}
			}
		},
		{
			"from": [11, 7, 0],
			"to": [13, 8, 1],
			"rotation": {"angle": 0, "axis": "y", "origin": [0, 0, 16]},
			"faces": {
				"north": {"uv": [0, 11, 2, 12], "texture": "#0"},
				"east": {"uv": [0, 11, 1, 12], "texture": "#0"},
				"south": {"uv": [0, 11, 2, 12], "texture": "#0"},
				"west": {"uv": [0, 11, 1, 12], "texture": "#0"},
				"up": {"uv": [0, 11, 2, 12], "texture": "#0"},
				"down": {"uv": [0, 11, 1, 12], "texture": "#0"}
			}
		},
		{
			"from": [3, 7, 0],
			"to": [5, 8, 1],
			"rotation": {"angle": 0, "axis": "y", "origin": [0, 0, 16]},
			"faces": {
				"north": {"uv": [0, 11, 2, 12], "texture": "#0"},
				"east": {"uv": [0, 11, 1, 12], "texture": "#0"},
				"south": {"uv": [0, 11, 2, 12], "texture": "#0"},
				"west": {"uv": [0, 11, 1, 12], "texture": "#0"},
				"up": {"uv": [0, 11, 2, 12], "texture": "#0"},
				"down": {"uv": [0, 11, 1, 12], "texture": "#0"}
			}
		},
		{
			"from": [14, 7, 15],
			"to": [16, 8, 16],
			"rotation": {"angle": 0, "axis": "y", "origin": [0, 0, 16]},
			"faces": {
				"north": {"uv": [1, 12, 3, 13], "texture": "#0"},
				"east": {"uv": [0, 12, 1, 13], "texture": "#0"},
				"south": {"uv": [1, 12, 3, 13], "texture": "#0"},
				"west": {"uv": [0, 12, 1, 13], "texture": "#0"},
				"up": {"uv": [0, 12, 2, 13], "texture": "#0"},
				"down": {"uv": [0, 12, 2, 13], "texture": "#0"}
			}
		},
		{
			"from": [15, 7, 14],
			"to": [16, 8, 15],
			"rotation": {"angle": 0, "axis": "y", "origin": [0, 0, 16]},
			"faces": {
				"north": {"uv": [1, 12, 2, 13], "texture": "#0"},
				"east": {"uv": [0, 12, 1, 13], "texture": "#0"},
				"south": {"uv": [1, 12, 2, 13], "texture": "#0"},
				"west": {"uv": [0, 12, 1, 13], "texture": "#0"},
				"up": {"uv": [0, 12, 1, 13], "texture": "#0"},
				"down": {"uv": [0, 12, 1, 13], "texture": "#0"}
			}
		},
		{
			"from": [15, 8, 15],
			"to": [16, 9, 16],
			"rotation": {"angle": 0, "axis": "y", "origin": [0, 0, 16]},
			"faces": {
				"north": {"uv": [0, 12, 1, 13], "texture": "#0"},
				"east": {"uv": [0, 12, 1, 13], "texture": "#0"},
				"south": {"uv": [0, 12, 1, 13], "texture": "#0"},
				"west": {"uv": [0, 12, 1, 13], "texture": "#0"},
				"up": {"uv": [0, 12, 1, 13], "texture": "#0"},
				"down": {"uv": [0, 12, 1, 13], "texture": "#0"}
			}
		},
		{
			"from": [15, 8, 0],
			"to": [16, 9, 1],
			"rotation": {"angle": 0, "axis": "y", "origin": [0, 0, 16]},
			"faces": {
				"north": {"uv": [0, 12, 1, 13], "texture": "#0"},
				"east": {"uv": [0, 12, 1, 13], "texture": "#0"},
				"south": {"uv": [0, 12, 1, 13], "texture": "#0"},
				"west": {"uv": [0, 12, 1, 13], "texture": "#0"},
				"up": {"uv": [0, 12, 1, 13], "rotation": 270, "texture": "#0"},
				"down": {"uv": [0, 12, 1, 13], "rotation": 90, "texture": "#0"}
			}
		},
		{
			"from": [15, 7, 0],
			"to": [16, 8, 2],
			"rotation": {"angle": 0, "axis": "y", "origin": [0, 0, 16]},
			"faces": {
				"north": {"uv": [0, 12, 1, 13], "texture": "#0"},
				"east": {"uv": [1, 12, 3, 13], "texture": "#0"},
				"south": {"uv": [0, 12, 1, 13], "texture": "#0"},
				"west": {"uv": [1, 12, 3, 13], "texture": "#0"},
				"up": {"uv": [0, 12, 2, 13], "rotation": 270, "texture": "#0"},
				"down": {"uv": [0, 12, 2, 13], "rotation": 90, "texture": "#0"}
			}
		},
		{
			"from": [15, 7, 3],
			"to": [16, 8, 5],
			"rotation": {"angle": 0, "axis": "y", "origin": [0, 0, 16]},
			"faces": {
				"north": {"uv": [0, 11, 1, 12], "texture": "#0"},
				"east": {"uv": [0, 11, 2, 12], "texture": "#0"},
				"south": {"uv": [0, 11, 1, 12], "texture": "#0"},
				"west": {"uv": [0, 11, 2, 12], "texture": "#0"},
				"up": {"uv": [0, 11, 2, 12], "rotation": 270, "texture": "#0"},
				"down": {"uv": [0, 11, 2, 12], "rotation": 90, "texture": "#0"}
			}
		},
		{
			"from": [15, 7, 11],
			"to": [16, 8, 13],
			"rotation": {"angle": 0, "axis": "y", "origin": [0, 0, 16]},
			"faces": {
				"north": {"uv": [0, 11, 1, 12], "texture": "#0"},
				"east": {"uv": [0, 11, 2, 12], "texture": "#0"},
				"south": {"uv": [0, 11, 1, 12], "texture": "#0"},
				"west": {"uv": [0, 11, 2, 12], "texture": "#0"},
				"up": {"uv": [0, 11, 2, 12], "rotation": 270, "texture": "#0"},
				"down": {"uv": [0, 11, 2, 12], "rotation": 90, "texture": "#0"}
			}
		},
		{
			"from": [0, 7, 3],
			"to": [1, 8, 5],
			"rotation": {"angle": 0, "axis": "y", "origin": [0, 0, 16]},
			"faces": {
				"north": {"uv": [0, 11, 1, 12], "texture": "#0"},
				"east": {"uv": [0, 11, 2, 12], "texture": "#0"},
				"south": {"uv": [0, 11, 1, 12], "texture": "#0"},
				"west": {"uv": [0, 11, 2, 12], "texture": "#0"},
				"up": {"uv": [0, 11, 2, 12], "rotation": 270, "texture": "#0"},
				"down": {"uv": [0, 11, 2, 12], "rotation": 90, "texture": "#0"}
			}
		},
		{
			"from": [0, 7, 11],
			"to": [1, 8, 13],
			"rotation": {"angle": 0, "axis": "y", "origin": [0, 0, 16]},
			"faces": {
				"north": {"uv": [0, 11, 1, 12], "texture": "#0"},
				"east": {"uv": [0, 11, 2, 12], "texture": "#0"},
				"south": {"uv": [0, 11, 1, 12], "texture": "#0"},
				"west": {"uv": [0, 11, 2, 12], "texture": "#0"},
				"up": {"uv": [0, 11, 2, 12], "rotation": 270, "texture": "#0"},
				"down": {"uv": [0, 11, 2, 12], "rotation": 90, "texture": "#0"}
			}
		},
		{
			"from": [15, 10, 6],
			"to": [16, 11, 10],
			"rotation": {"angle": 0, "axis": "y", "origin": [0, 0, 16]},
			"faces": {
				"north": {"uv": [0, 12, 1, 13], "texture": "#0"},
				"east": {"uv": [3, 12, 7, 13], "texture": "#0"},
				"south": {"uv": [0, 12, 1, 13], "texture": "#0"},
				"west": {"uv": [3, 12, 7, 13], "texture": "#0"},
				"up": {"uv": [0, 12, 4, 13], "rotation": 270, "texture": "#0"},
				"down": {"uv": [0, 12, 4, 13], "rotation": 90, "texture": "#0"}
			}
		},
		{
			"from": [15, 11, 7],
			"to": [16, 12, 9],
			"rotation": {"angle": 0, "axis": "y", "origin": [0, 0, 16]},
			"faces": {
				"north": {"uv": [0, 12, 1, 13], "texture": "#0"},
				"east": {"uv": [1, 12, 3, 13], "texture": "#0"},
				"south": {"uv": [0, 12, 1, 13], "texture": "#0"},
				"west": {"uv": [1, 12, 3, 13], "texture": "#0"},
				"up": {"uv": [0, 12, 2, 13], "rotation": 270, "texture": "#0"},
				"down": {"uv": [0, 12, 2, 13], "rotation": 90, "texture": "#0"}
			}
		},
		{
			"from": [15, 8, 7],
			"to": [16, 10, 9],
			"rotation": {"angle": 0, "axis": "y", "origin": [0, 0, 16]},
			"faces": {
				"north": {"uv": [0, 12, 1, 14], "texture": "#0"},
				"east": {"uv": [1, 12, 3, 14], "texture": "#0"},
				"south": {"uv": [0, 12, 1, 14], "texture": "#0"},
				"west": {"uv": [1, 12, 3, 14], "texture": "#0"},
				"up": {"uv": [0, 12, 2, 13], "rotation": 270, "texture": "#0"},
				"down": {"uv": [0, 12, 2, 13], "rotation": 90, "texture": "#0"}
			}
		},
		{
			"from": [15, 7, 6],
			"to": [16, 8, 10],
			"rotation": {"angle": 0, "axis": "y", "origin": [0, 0, 16]},
			"faces": {
				"north": {"uv": [0, 12, 1, 13], "texture": "#0"},
				"east": {"uv": [3, 12, 7, 13], "texture": "#0"},
				"south": {"uv": [0, 12, 1, 13], "texture": "#0"},
				"west": {"uv": [3, 12, 7, 13], "texture": "#0"},
				"up": {"uv": [0, 12, 4, 13], "rotation": 270, "texture": "#0"},
				"down": {"uv": [0, 12, 4, 13], "rotation": 90, "texture": "#0"}
			}
		},
		{
			"from": [0, 7, 14],
			"to": [1, 8, 15],
			"rotation": {"angle": 0, "axis": "y", "origin": [0, 0, 16]},
			"faces": {
				"north": {"uv": [0, 12, 1, 13], "texture": "#0"},
				"east": {"uv": [1, 13, 2, 14], "texture": "#0"},
				"south": {"uv": [0, 12, 1, 13], "texture": "#0"},
				"west": {"uv": [1, 12, 1, 13], "texture": "#0"},
				"up": {"uv": [0, 12, 1, 13], "texture": "#0"},
				"down": {"uv": [0, 12, 1, 13], "texture": "#0"}
			}
		},
		{
			"from": [0, 7, 6],
			"to": [1, 8, 10],
			"rotation": {"angle": 0, "axis": "y", "origin": [0, 0, 16]},
			"faces": {
				"north": {"uv": [0, 12, 1, 13], "texture": "#0"},
				"east": {"uv": [0, 12, 4, 13], "texture": "#0"},
				"south": {"uv": [0, 12, 1, 13], "texture": "#0"},
				"west": {"uv": [4, 12, 7, 13], "texture": "#0"},
				"up": {"uv": [0, 12, 4, 13], "rotation": 270, "texture": "#0"},
				"down": {"uv": [0, 12, 4, 13], "rotation": 90, "texture": "#0"}
			}
		},
		{
			"from": [0, 8, 7],
			"to": [1, 10, 9],
			"rotation": {"angle": 0, "axis": "y", "origin": [0, 0, 16]},
			"faces": {
				"north": {"uv": [0, 12, 1, 14], "texture": "#0"},
				"east": {"uv": [0, 12, 2, 14], "texture": "#0"},
				"south": {"uv": [0, 12, 1, 14], "texture": "#0"},
				"west": {"uv": [2, 12, 3, 14], "texture": "#0"},
				"up": {"uv": [0, 13, 2, 14], "rotation": 270, "texture": "#0"},
				"down": {"uv": [0, 12, 2, 13], "rotation": 90, "texture": "#0"}
			}
		},
		{
			"from": [0, 10, 6],
			"to": [1, 11, 10],
			"rotation": {"angle": 0, "axis": "y", "origin": [0, 0, 16]},
			"faces": {
				"north": {"uv": [0, 12, 1, 13], "texture": "#0"},
				"east": {"uv": [0, 12, 4, 13], "texture": "#0"},
				"south": {"uv": [0, 13, 1, 14], "texture": "#0"},
				"west": {"uv": [4, 12, 7, 13], "texture": "#0"},
				"up": {"uv": [0, 12, 4, 13], "rotation": 270, "texture": "#0"},
				"down": {"uv": [0, 12, 4, 13], "rotation": 90, "texture": "#0"}
			}
		},
		{
			"from": [0, 11, 7],
			"to": [1, 12, 9],
			"rotation": {"angle": 0, "axis": "y", "origin": [0, 0, 16]},
			"faces": {
				"north": {"uv": [0, 12, 1, 13], "texture": "#0"},
				"east": {"uv": [0, 12, 2, 13], "texture": "#0"},
				"south": {"uv": [0, 12, 1, 13], "texture": "#0"},
				"west": {"uv": [2, 12, 3, 13], "texture": "#0"},
				"up": {"uv": [0, 13, 2, 14], "rotation": 270, "texture": "#0"},
				"down": {"uv": [0, 12, 2, 13], "rotation": 90, "texture": "#0"}
			}
		},
		{
			"from": [0, 7, 0],
			"to": [1, 8, 2],
			"rotation": {"angle": 0, "axis": "y", "origin": [0, 0, 16]},
			"faces": {
				"north": {"uv": [0, 12, 1, 13], "texture": "#0"},
				"east": {"uv": [0, 12, 2, 13], "texture": "#0"},
				"south": {"uv": [0, 12, 1, 13], "texture": "#0"},
				"west": {"uv": [2, 12, 3, 13], "texture": "#0"},
				"up": {"uv": [0, 12, 2, 13], "rotation": 270, "texture": "#0"},
				"down": {"uv": [0, 12, 2, 13], "rotation": 90, "texture": "#0"}
			}
		},
		{
			"from": [0, 8, 0],
			"to": [1, 9, 1],
			"faces": {
				"north": {"uv": [0, 12, 1, 13], "texture": "#0"},
				"east": {"uv": [1, 13, 2, 14], "texture": "#0"},
				"south": {"uv": [1, 13, 2, 14], "texture": "#0"},
				"west": {"uv": [0.25, 12.5, 1.25, 13.5], "texture": "#0"},
				"up": {"uv": [1, 12, 2, 13], "texture": "#0"},
				"down": {"uv": [1, 12, 2, 13], "texture": "#0"}
			}
		},
		{
			"from": [-1, 3, -1],
			"to": [1.75, 5, 1.25],
			"rotation": {"angle": 0, "axis": "y", "origin": [16, 0, 0]},
			"faces": {
				"north": {"uv": [13.25, 4, 16, 6], "texture": "#0"},
				"east": {"uv": [14.25, 4, 16, 6], "texture": "#0"},
				"south": {"uv": [13.25, 4, 16, 6], "texture": "#0"},
				"west": {"uv": [14.25, 4, 16, 6], "texture": "#0"},
				"up": {"uv": [13.25, 4, 16, 5.75], "texture": "#0"},
				"down": {"uv": [13.25, 4, 16, 5.75], "texture": "#0"}
			}
		},
		{
			"from": [14.25, 3, -1],
			"to": [17, 5, 1.25],
			"faces": {
				"north": {"uv": [16, 4, 13.25, 6], "texture": "#0"},
				"east": {"uv": [16, 4, 14.25, 6], "texture": "#0"},
				"south": {"uv": [16, 4, 13.25, 6], "texture": "#0"},
				"west": {"uv": [16, 4, 14.25, 6], "texture": "#0"},
				"up": {"uv": [16, 4, 13.25, 5.75], "texture": "#0"},
				"down": {"uv": [16, 4, 13.25, 5.75], "texture": "#0"}
			}
		},
		{
			"from": [10.25, 3, -1],
			"to": [12.75, 5, 1.25],
			"faces": {
				"north": {"uv": [16, 2, 14, 4], "texture": "#0"},
				"east": {"uv": [16, 2, 15.25, 4], "texture": "#0"},
				"south": {"uv": [16, 2, 14, 4], "texture": "#0"},
				"west": {"uv": [16, 2, 15.25, 4], "texture": "#0"},
				"up": {"uv": [16, 2, 14, 2.75], "texture": "#0"},
				"down": {"uv": [16, 2, 14, 2.75], "texture": "#0"}
			}
		},
		{
			"from": [3.25, 3, -1],
			"to": [5.75, 5, 1.25],
			"faces": {
				"north": {"uv": [16, 2, 14, 4], "texture": "#0"},
				"east": {"uv": [16, 2, 15.25, 4], "texture": "#0"},
				"south": {"uv": [16, 2, 14, 4], "texture": "#0"},
				"west": {"uv": [16, 2, 15.25, 4], "texture": "#0"},
				"up": {"uv": [16, 2, 14, 2.75], "texture": "#0"},
				"down": {"uv": [16, 2, 14, 2.75], "texture": "#0"}
			}
		},
		{
			"from": [6.75, 3, -1],
			"to": [9, 5, 1.25],
			"faces": {
				"north": {"uv": [14.25, 0, 16, 2], "texture": "#0"},
				"east": {"uv": [13.25, 0, 16, 2], "texture": "#0"},
				"south": {"uv": [13.75, 0, 16, 2], "texture": "#0"},
				"west": {"uv": [15.25, 0, 16, 2], "texture": "#0"},
				"up": {"uv": [13.75, 0, 16, 0.75], "texture": "#0"},
				"down": {"uv": [13.75, 0, 16, 0.75], "texture": "#0"}
			}
		},
		{
			"from": [-1, 3, 14.75],
			"to": [1.75, 5, 17],
			"rotation": {"angle": 0, "axis": "y", "origin": [16, 0, 16]},
			"faces": {
				"north": {"uv": [16, 4, 13.25, 6], "texture": "#0"},
				"east": {"uv": [16, 4, 14.25, 6], "texture": "#0"},
				"south": {"uv": [16, 4, 13.25, 6], "texture": "#0"},
				"west": {"uv": [16, 4, 14.25, 6], "texture": "#0"},
				"up": {"uv": [13.25, 5.75, 16, 4], "texture": "#0"},
				"down": {"uv": [13.25, 5.75, 16, 4], "texture": "#0"}
			}
		},
		{
			"from": [10.25, 3, 14.75],
			"to": [12.75, 5, 17],
			"rotation": {"angle": 0, "axis": "y", "origin": [0, 0, 16]},
			"faces": {
				"north": {"uv": [14, 2, 16, 4], "texture": "#0"},
				"east": {"uv": [15.25, 2, 16, 4], "texture": "#0"},
				"south": {"uv": [14, 2, 16, 4], "texture": "#0"},
				"west": {"uv": [15.25, 2, 16, 4], "texture": "#0"},
				"up": {"uv": [16, 2.75, 14, 2], "texture": "#0"},
				"down": {"uv": [16, 2.75, 14, 2], "texture": "#0"}
			}
		},
		{
			"from": [6.75, 3, 14.75],
			"to": [9, 5, 17],
			"rotation": {"angle": 0, "axis": "y", "origin": [0, 0, 16]},
			"faces": {
				"north": {"uv": [16, 0, 13.75, 2], "texture": "#0"},
				"east": {"uv": [16, 0, 13.25, 2], "texture": "#0"},
				"south": {"uv": [16, 0, 14.25, 2], "texture": "#0"},
				"west": {"uv": [16, 0, 15.25, 2], "texture": "#0"},
				"up": {"uv": [13.75, 0.75, 16, 0], "texture": "#0"},
				"down": {"uv": [13.75, 0.75, 16, 0], "texture": "#0"}
			}
		},
		{
			"from": [3.25, 3, 14.75],
			"to": [5.75, 5, 17],
			"rotation": {"angle": 0, "axis": "y", "origin": [0, 0, 16]},
			"faces": {
				"north": {"uv": [14, 2, 16, 4], "texture": "#0"},
				"east": {"uv": [15.25, 2, 16, 4], "texture": "#0"},
				"south": {"uv": [14, 2, 16, 4], "texture": "#0"},
				"west": {"uv": [15.25, 2, 16, 4], "texture": "#0"},
				"up": {"uv": [16, 2.75, 14, 2], "texture": "#0"},
				"down": {"uv": [16, 2.75, 14, 2], "texture": "#0"}
			}
		},
		{
			"from": [14.25, 3, 14.75],
			"to": [17, 5, 17],
			"rotation": {"angle": 0, "axis": "y", "origin": [0, 0, 16]},
			"faces": {
				"north": {"uv": [13.25, 4, 16, 6], "texture": "#0"},
				"east": {"uv": [14.25, 4, 16, 6], "texture": "#0"},
				"south": {"uv": [13.25, 4, 16, 6], "texture": "#0"},
				"west": {"uv": [14.25, 4, 16, 6], "texture": "#0"},
				"up": {"uv": [16, 5.75, 13.25, 4], "texture": "#0"},
				"down": {"uv": [16, 5.75, 13.25, 4], "texture": "#0"}
			}
		},
		{
			"from": [14.75, 3, 7.25],
			"to": [17, 5, 9.25],
			"faces": {
				"north": {"uv": [14, 0, 16, 2], "texture": "#0"},
				"east": {"uv": [14, 0, 16, 2], "texture": "#0"},
				"south": {"uv": [14, 0, 16, 2], "texture": "#0"},
				"west": {"uv": [14, 0, 16, 2], "texture": "#0"},
				"up": {"uv": [14, 0, 16, 2], "texture": "#0"},
				"down": {"uv": [14, 0, 16, 2], "texture": "#0"}
			}
		},
		{
			"from": [14.75, 3, 10.5],
			"to": [17, 5, 12.75],
			"rotation": {"angle": 0, "axis": "y", "origin": [0, 0, 16]},
			"faces": {
				"north": {"uv": [14, 2, 16, 4], "texture": "#0"},
				"east": {"uv": [14, 2, 16, 4], "texture": "#0"},
				"south": {"uv": [14, 2, 16, 4], "texture": "#0"},
				"west": {"uv": [14, 2, 16, 4], "texture": "#0"},
				"up": {"uv": [14, 2, 16, 4], "texture": "#0"},
				"down": {"uv": [14, 2, 16, 4], "texture": "#0"}
			}
		},
		{
			"from": [14.75, 3, 3.5],
			"to": [17, 5, 5.75],
			"rotation": {"angle": 0, "axis": "y", "origin": [0, 0, 16]},
			"faces": {
				"north": {"uv": [14, 2, 16, 4], "texture": "#0"},
				"east": {"uv": [14, 2, 16, 4], "texture": "#0"},
				"south": {"uv": [14, 2, 16, 4], "texture": "#0"},
				"west": {"uv": [14, 2, 16, 4], "texture": "#0"},
				"up": {"uv": [14, 2, 16, 4], "texture": "#0"},
				"down": {"uv": [14, 2, 16, 4], "texture": "#0"}
			}
		},
		{
			"from": [-1, 3, 10.5],
			"to": [1.25, 5, 12.75],
			"rotation": {"angle": 0, "axis": "y", "origin": [16, 0, 16]},
			"faces": {
				"north": {"uv": [16, 2, 14, 4], "texture": "#0"},
				"east": {"uv": [16, 2, 14, 4], "texture": "#0"},
				"south": {"uv": [16, 2, 14, 4], "texture": "#0"},
				"west": {"uv": [16, 2, 14, 4], "texture": "#0"},
				"up": {"uv": [16, 2, 14, 4], "texture": "#0"},
				"down": {"uv": [16, 2, 14, 4], "texture": "#0"}
			}
		},
		{
			"from": [-1, 3, 7.25],
			"to": [1.25, 5, 9.25],
			"rotation": {"angle": 0, "axis": "y", "origin": [16, 0, 0]},
			"faces": {
				"north": {"uv": [16, 0, 14, 2], "texture": "#0"},
				"east": {"uv": [16, 0, 14, 2], "texture": "#0"},
				"south": {"uv": [16, 0, 14, 2], "texture": "#0"},
				"west": {"uv": [16, 0, 14, 2], "texture": "#0"},
				"up": {"uv": [16, 0, 14, 2], "texture": "#0"},
				"down": {"uv": [16, 0, 14, 2], "texture": "#0"}
			}
		},
		{
			"from": [-1, 3, 3.5],
			"to": [1.25, 5, 5.75],
			"rotation": {"angle": 0, "axis": "y", "origin": [16, 0, 16]},
			"faces": {
				"north": {"uv": [16, 2, 14, 4], "texture": "#0"},
				"east": {"uv": [16, 2, 14, 4], "texture": "#0"},
				"south": {"uv": [16, 2, 14, 4], "texture": "#0"},
				"west": {"uv": [16, 2, 14, 4], "texture": "#0"},
				"up": {"uv": [16, 2, 14, 4], "texture": "#0"},
				"down": {"uv": [16, 2, 14, 4], "texture": "#0"}
			}
		}
	],
	"display": {
		"head": {
			"translation": [0, 13, 0],
			"scale": [0.9043, 1, 0.91211]
		}
	}
}