{
	"textures": {
		"0": "item/custom/gear/pink",
		"particle": "item/custom/gear/pink"
	},
	"elements": [
		{
			"from": [10, 7, 0],
			"to": [12, 9, 1],
			"faces": {
				"north": {"uv": [4, 6, 6, 8], "texture": "#0"},
				"east": {"uv": [3, 8, 4, 10], "texture": "#0"},
				"south": {"uv": [6, 6, 8, 8], "texture": "#0"},
				"west": {"uv": [8, 3, 9, 5], "texture": "#0"},
				"up": {"uv": [6, 9, 4, 8], "texture": "#0"},
				"down": {"uv": [10, 5, 8, 6], "texture": "#0"}
			}
		},
		{
			"from": [4, 7, 0],
			"to": [6, 9, 1],
			"faces": {
				"north": {"uv": [0, 6, 2, 8], "texture": "#0"},
				"east": {"uv": [0, 8, 1, 10], "texture": "#0"},
				"south": {"uv": [2, 6, 4, 8], "texture": "#0"},
				"west": {"uv": [8, 0, 9, 2], "texture": "#0"},
				"up": {"uv": [3, 9, 1, 8], "texture": "#0"},
				"down": {"uv": [10, 2, 8, 3], "texture": "#0"}
			}
		},
		{
			"from": [4, 2, 0],
			"to": [12, 4, 1],
			"faces": {
				"north": {"uv": [0, 0, 8, 2], "texture": "#0"},
				"east": {"uv": [6, 8, 7, 10], "texture": "#0"},
				"south": {"uv": [0, 2, 8, 4], "texture": "#0"},
				"west": {"uv": [8, 6, 9, 8], "texture": "#0"},
				"up": {"uv": [8, 5, 0, 4], "texture": "#0"},
				"down": {"uv": [8, 5, 0, 6], "texture": "#0"}
			}
		}
	]
}