{
	"credit": "Made with Blockbench",
	"textures": {
		"0": "block/dark_oak_planks",
		"1": "block/spruce_planks",
		"particle": "block/dark_oak_planks"
	},
	"elements": [
		{
			"from": [6.5, 0.25, 7],
			"to": [9.5, 13.25, 9.5],
			"rotation": {"angle": 0, "axis": "y", "origin": [0, 2.25, 0]},
			"faces": {
				"north": {"uv": [0, 0, 5.32414, 10.32414], "texture": "#1"},
				"east": {"uv": [0, 0, 5, 10.17701], "texture": "#1"},
				"south": {"uv": [0, 0, 5, 10.02989], "texture": "#1"},
				"west": {"uv": [0, 0, 4.5, 10], "texture": "#1"},
				"up": {"uv": [1.32414, 1.06667, 4.32414, 3.56667], "texture": "#1"},
				"down": {"uv": [1.10345, 1.02989, 4.10345, 3.52989], "texture": "#1"}
			}
		},
		{
			"from": [5.5, 13, 5.5],
			"to": [10.5, 14, 10.5],
			"rotation": {"angle": 0, "axis": "y", "origin": [0, 4, 0]},
			"faces": {
				"north": {"uv": [0, 0, 16, 2], "texture": "#0"},
				"east": {"uv": [0, 0, 16, 3], "texture": "#0"},
				"south": {"uv": [0, 3, 16, 0], "texture": "#0"},
				"west": {"uv": [0, 0, 16, 2], "texture": "#0"},
				"up": {"uv": [16, 0, 0, 8], "rotation": 90, "texture": "#1"},
				"down": {"uv": [0, 0, 16, 8], "texture": "#1"}
			}
		},
		{
			"from": [9, -0.25, 6],
			"to": [10, 13.5, 7],
			"rotation": {"angle": 0, "axis": "y", "origin": [1.5, 3, 0]},
			"faces": {
				"north": {"uv": [0, 0, 1, 13.75], "texture": "#0"},
				"east": {"uv": [0, 0, 1, 13.75], "texture": "#0"},
				"south": {"uv": [0, 0, 1, 13.75], "texture": "#0"},
				"west": {"uv": [0, 0, 1, 13.75], "texture": "#0"},
				"up": {"uv": [0, 0, 1, 1], "texture": "#0"},
				"down": {"uv": [0, 0, 1, 1], "texture": "#0"}
			}
		},
		{
			"from": [6, -0.25, 6],
			"to": [7, 13.5, 7],
			"rotation": {"angle": 0, "axis": "y", "origin": [-1.5, 3, 0]},
			"faces": {
				"north": {"uv": [0, 0, 1, 13.75], "texture": "#0"},
				"east": {"uv": [0, 0, 1, 13.75], "texture": "#0"},
				"south": {"uv": [0, 0, 1, 13.75], "texture": "#0"},
				"west": {"uv": [0, 0, 1, 13.75], "texture": "#0"},
				"up": {"uv": [0, 0, 1, 1], "texture": "#0"},
				"down": {"uv": [0, 0, 1, 1], "texture": "#0"}
			}
		},
		{
			"from": [6, -0.25, 9],
			"to": [7, 13.5, 10],
			"rotation": {"angle": 0, "axis": "y", "origin": [1.5, 3, 3]},
			"faces": {
				"north": {"uv": [0, 0, 1, 13.75], "texture": "#0"},
				"east": {"uv": [0, 0, 1, 13.75], "texture": "#0"},
				"south": {"uv": [0, 0, 1, 13.75], "texture": "#0"},
				"west": {"uv": [0, 0, 1, 13.75], "texture": "#0"},
				"up": {"uv": [0, 0, 1, 1], "texture": "#0"},
				"down": {"uv": [0, 0, 1, 1], "texture": "#0"}
			}
		},
		{
			"from": [9, -0.25, 9],
			"to": [10, 13.5, 10],
			"rotation": {"angle": 0, "axis": "y", "origin": [4.5, 3, 3]},
			"faces": {
				"north": {"uv": [0, 0, 1, 13.75], "texture": "#0"},
				"east": {"uv": [0, 0, 1, 13.75], "texture": "#0"},
				"south": {"uv": [0, 0, 1, 13.75], "texture": "#0"},
				"west": {"uv": [0, 0, 1, 13.75], "texture": "#0"},
				"up": {"uv": [0, 0, 1, 1], "texture": "#0"},
				"down": {"uv": [0, 0, 1, 1], "texture": "#0"}
			}
		},
		{
			"from": [4.75, 0, 4.75],
			"to": [11.25, 0.5, 11.25],
			"rotation": {"angle": 0, "axis": "y", "origin": [5, -0.5, 2]},
			"faces": {
				"north": {"uv": [0, 0, 6.5, 1], "texture": "#0"},
				"east": {"uv": [0, 0, 6.5, 1], "texture": "#0"},
				"south": {"uv": [0, 0, 6.5, 1], "texture": "#0"},
				"west": {"uv": [0, 0, 6.5, 1], "texture": "#0"},
				"up": {"uv": [0, 0, 16, 15], "texture": "#1"},
				"down": {"uv": [0, 0, 6.5, 6.5], "texture": "#missing"}
			}
		},
		{
			"from": [5.75, 0.5, 5.75],
			"to": [10.25, 1, 10.25],
			"rotation": {"angle": 0, "axis": "y", "origin": [5, 0.5, 2]},
			"faces": {
				"north": {"uv": [0, 0, 4.5, 0.5], "texture": "#0"},
				"east": {"uv": [0, 0, 4.5, 0.5], "texture": "#0"},
				"south": {"uv": [0, 0, 4.5, 0.5], "texture": "#0"},
				"west": {"uv": [0, 0, 4.5, 0.5], "texture": "#0"},
				"up": {"uv": [0, 0, 16, 11.71379], "texture": "#1"},
				"down": {"uv": [0, 0, 4.5, 4.5], "texture": "#missing"}
			}
		}
	],
	"display": {
		"fixed": {
			"rotation": [-90, 0, 0],
			"translation": [0, 0, -17.75],
			"scale": [2, 2.24805, 2]
		}
	}
}