{
	"credit": "Made with Blockbench",
	"textures": {
		"0": "item/sunglasses",
		"particle": "item/sunglasses"
	},
	"elements": [
		{
			"from": [14, 5.75, 0],
			"to": [20, 6.25, 1],
			"faces": {
				"north": {"uv": [1, 3.5, 7, 4.25], "texture": "#0"},
				"east": {"uv": [0, 0, 1, 0.75], "texture": "#0"},
				"south": {"uv": [1.5, 4, 7.5, 4.75], "texture": "#0"},
				"west": {"uv": [0, 0, 1, 0.75], "texture": "#0"},
				"up": {"uv": [2.5, 3, 8.5, 4], "texture": "#0"},
				"down": {"uv": [4, 3, 10, 4], "texture": "#0"}
			}
		},
		{
			"from": [13.5, 6.25, 0],
			"to": [20.5, 6.75, 1],
			"faces": {
				"north": {"uv": [5.875, 0.5, 12, 1.25], "texture": "#0"},
				"east": {"uv": [0, 0, 1, 0.75], "texture": "#0"},
				"south": {"uv": [5, 6.5, 13, 7.25], "texture": "#0"},
				"west": {"uv": [0, 0, 1, 0.75], "texture": "#0"},
				"up": {"uv": [0.5, 3.5, 8.5, 4.5], "texture": "#0"},
				"down": {"uv": [1, 3.5, 9, 4.5], "texture": "#0"}
			}
		},
		{
			"from": [13, 6.75, 0],
			"to": [21, 8.75, 1],
			"faces": {
				"north": {"uv": [1, 0, 9, 2], "texture": "#0"},
				"east": {"uv": [0, 0, 1, 2], "texture": "#0"},
				"south": {"uv": [1.5, 4, 11.5, 9.5], "texture": "#0"},
				"west": {"uv": [0, 0, 1, 2], "texture": "#0"},
				"up": {"uv": [2.5, 3.5, 12.5, 4.5], "texture": "#0"},
				"down": {"uv": [0, 3.5, 10, 4.5], "texture": "#0"}
			}
		},
		{
			"from": [3.25, 6.75, 0],
			"to": [11.25, 8.75, 1],
			"faces": {
				"north": {"uv": [1, 0, 9, 2], "texture": "#0"},
				"east": {"uv": [0, 0, 1, 2], "texture": "#0"},
				"south": {"uv": [1.5, 4, 11.5, 9.5], "texture": "#0"},
				"west": {"uv": [0, 0, 1, 2], "texture": "#0"},
				"up": {"uv": [2.5, 3.5, 12.5, 4.5], "texture": "#0"},
				"down": {"uv": [0, 3.5, 10, 4.5], "texture": "#0"}
			}
		},
		{
			"from": [3.75, 6.25, 0],
			"to": [10.75, 6.75, 1],
			"faces": {
				"north": {"uv": [5.875, 0.5, 12, 1.25], "texture": "#0"},
				"east": {"uv": [0, 0, 1, 0.75], "texture": "#0"},
				"south": {"uv": [5, 6.5, 13, 7.25], "texture": "#0"},
				"west": {"uv": [0, 0, 1, 0.75], "texture": "#0"},
				"up": {"uv": [0.5, 3.5, 8.5, 4.5], "texture": "#0"},
				"down": {"uv": [1, 3.5, 9, 4.5], "texture": "#0"}
			}
		},
		{
			"from": [4.25, 5.75, 0],
			"to": [10.25, 6.25, 1],
			"faces": {
				"north": {"uv": [1, 3.5, 7, 4.25], "texture": "#0"},
				"east": {"uv": [0, 0, 1, 0.75], "texture": "#0"},
				"south": {"uv": [1.5, 4, 7.5, 4.75], "texture": "#0"},
				"west": {"uv": [0, 0, 1, 0.75], "texture": "#0"},
				"up": {"uv": [2.5, 3, 8.5, 4], "texture": "#0"},
				"down": {"uv": [4, 3, 10, 4], "texture": "#0"}
			}
		},
		{
			"from": [11.25, 8.25, 0],
			"to": [13, 8.75, 1],
			"faces": {
				"north": {"uv": [0, 0, 1.75, 0.5], "texture": "#0"},
				"east": {"uv": [0, 0, 1, 0.5], "texture": "#0"},
				"south": {"uv": [0, 0, 1.75, 0.5], "texture": "#0"},
				"west": {"uv": [0, 0, 1, 0.5], "texture": "#0"},
				"up": {"uv": [0, 0, 1.75, 1], "texture": "#0"},
				"down": {"uv": [0, 0, 1.75, 1], "texture": "#0"}
			}
		},
		{
			"from": [3.25, 8.25, 1],
			"to": [4, 8.75, 6],
			"faces": {
				"north": {"uv": [0, 0, 0.75, 0.5], "texture": "#0"},
				"east": {"uv": [0, 0, 5, 0.5], "texture": "#0"},
				"south": {"uv": [0, 0, 0.75, 0.5], "texture": "#0"},
				"west": {"uv": [1.5, 4, 6.5, 4.5], "texture": "#0"},
				"up": {"uv": [0, 0, 0.75, 5], "texture": "#0"},
				"down": {"uv": [0, 0, 0.75, 5], "texture": "#0"}
			}
		},
		{
			"from": [3.25, 7.75, 5.5],
			"to": [4, 8.25, 7.25],
			"faces": {
				"north": {"uv": [0, 0, 0.75, 0.5], "texture": "#0"},
				"east": {"uv": [0, 0, 1.75, 0.5], "texture": "#0"},
				"south": {"uv": [0, 0, 0.75, 0.5], "texture": "#0"},
				"west": {"uv": [0, 0, 1.75, 0.5], "texture": "#0"},
				"up": {"uv": [0, 0, 0.75, 1.75], "texture": "#0"},
				"down": {"uv": [0, 0, 0.75, 1.75], "texture": "#0"}
			}
		},
		{
			"from": [3.25, 7.25, 6.75],
			"to": [4, 7.75, 8.25],
			"faces": {
				"north": {"uv": [0, 0, 0.75, 0.5], "texture": "#0"},
				"east": {"uv": [0, 0, 1.5, 0.5], "texture": "#0"},
				"south": {"uv": [0, 0, 0.75, 0.5], "texture": "#0"},
				"west": {"uv": [0, 0, 1.5, 0.5], "texture": "#0"},
				"up": {"uv": [0, 0, 0.75, 1.5], "texture": "#0"},
				"down": {"uv": [0, 0, 0.75, 1.5], "texture": "#0"}
			}
		},
		{
			"from": [20.25, 8.25, 1],
			"to": [21, 8.75, 6],
			"faces": {
				"north": {"uv": [0, 0, 0.75, 0.5], "texture": "#0"},
				"east": {"uv": [1, 3, 6, 3.5], "texture": "#0"},
				"south": {"uv": [0, 0, 0.75, 0.5], "texture": "#0"},
				"west": {"uv": [1, 3.5, 6, 4], "texture": "#0"},
				"up": {"uv": [0, 0, 0.75, 5], "texture": "#0"},
				"down": {"uv": [0, 0, 0.75, 5], "texture": "#0"}
			}
		},
		{
			"from": [20.25, 7.75, 5.5],
			"to": [21, 8.25, 7.25],
			"faces": {
				"north": {"uv": [0, 0, 0.75, 0.5], "texture": "#0"},
				"east": {"uv": [0, 0, 1.75, 0.5], "texture": "#0"},
				"south": {"uv": [0, 0, 0.75, 0.5], "texture": "#0"},
				"west": {"uv": [0, 0, 1.75, 0.5], "texture": "#0"},
				"up": {"uv": [0, 0, 0.75, 1.75], "texture": "#0"},
				"down": {"uv": [0, 0, 0.75, 1.75], "texture": "#0"}
			}
		},
		{
			"from": [20.25, 7.25, 6.75],
			"to": [21, 7.75, 8.25],
			"faces": {
				"north": {"uv": [0, 0, 0.75, 0.5], "texture": "#0"},
				"east": {"uv": [0, 0, 1.5, 0.5], "texture": "#0"},
				"south": {"uv": [0, 0, 0.75, 0.5], "texture": "#0"},
				"west": {"uv": [0, 0, 1.5, 0.5], "texture": "#0"},
				"up": {"uv": [0, 0, 0.75, 1.5], "texture": "#0"},
				"down": {"uv": [0, 0, 0.75, 1.5], "texture": "#0"}
			}
		}
	],
	"display": {
		"head": {
			"translation": [-3.5, 0.75, 0.75],
			"scale": [0.80078, 1.08984, 1]
		}
	}
}