{
	"credit": "Made with Blockbench",
	"textures": {
		"1": "item/barrel"
	},
	"elements": [
		{
			"from": [15, 8.5, 0.3],
			"to": [16, 14.5, 8.3],
			"rotation": {"angle": 22.5, "axis": "x", "origin": [0, 0, 0]},
			"faces": {
				"north": {"uv": [1, 0, 0, 6], "texture": "#1"},
				"east": {"uv": [8, 0, 0, 6], "texture": "#1"},
				"south": {"uv": [1, 0, 0, 6], "texture": "#1"},
				"west": {"uv": [8, 0, 0, 6], "texture": "#1"},
				"up": {"uv": [0, 1, 8, 0], "rotation": 90, "texture": "#1"},
				"down": {"uv": [0, 1, 8, 0], "rotation": 90, "texture": "#1"}
			}
		},
		{
			"from": [14, 8.5, -3.7],
			"to": [15, 14.5, 0.3],
			"rotation": {"angle": 22.5, "axis": "x", "origin": [0, 0, 0]},
			"faces": {
				"north": {"uv": [0, 0, 1, 6], "texture": "#1"},
				"east": {"uv": [0, 0, 4, 6], "texture": "#1"},
				"south": {"uv": [0, 0, 1, 6], "texture": "#1"},
				"west": {"uv": [0, 0, 4, 6], "texture": "#1"},
				"up": {"uv": [0, 0, 4, 1], "rotation": 90, "texture": "#1"},
				"down": {"uv": [0, 0, 4, 1], "rotation": 90, "texture": "#1"}
			}
		},
		{
			"from": [5, 3.5, 0.3],
			"to": [11, 4.5, 8.3],
			"rotation": {"angle": 22.5, "axis": "x", "origin": [0, 0, 0]},
			"faces": {
				"north": {"uv": [0, 1, 8, 2], "texture": "#1"},
				"east": {"uv": [0, 1, 8, 2], "texture": "#1"},
				"south": {"uv": [0, 1, 8, 2], "texture": "#1"},
				"west": {"uv": [0, 1, 8, 2], "texture": "#1"},
				"up": {"uv": [0, 0, 8, 6], "rotation": 90, "texture": "#1"},
				"down": {"uv": [0, 0, 8, 6], "rotation": 90, "texture": "#1"}
			}
		},
		{
			"from": [5, 18.5, 0.3],
			"to": [11, 19.5, 8.3],
			"rotation": {"angle": 22.5, "axis": "x", "origin": [0, 0, 0]},
			"faces": {
				"north": {"uv": [0, 1, 8, 2], "texture": "#1"},
				"east": {"uv": [0, 1, 8, 2], "texture": "#1"},
				"south": {"uv": [0, 1, 4, 2], "texture": "#1"},
				"west": {"uv": [0, 1, 8, 2], "texture": "#1"},
				"up": {"uv": [0, 0, 8, 6], "rotation": 90, "texture": "#1"},
				"down": {"uv": [0, 1.5, 8, 8], "rotation": 90, "texture": "#1"}
			}
		},
		{
			"from": [5, 17.5, 8.3],
			"to": [11, 18.5, 12.3],
			"rotation": {"angle": 22.5, "axis": "x", "origin": [0, 0, 0]},
			"faces": {
				"north": {"uv": [0, 1, 8, 2], "texture": "#1"},
				"east": {"uv": [9.5, 1, 13.5, 2], "texture": "#1"},
				"south": {"uv": [0, 0, 4, 1], "texture": "#1"},
				"west": {"uv": [7.5, 8, 11.5, 9], "texture": "#1"},
				"up": {"uv": [0, 0, 4, 6], "rotation": 90, "texture": "#1"},
				"down": {"uv": [0, 1.5, 6, 8], "rotation": 90, "texture": "#1"}
			}
		},
		{
			"from": [5, 17.5, -3.7],
			"to": [11, 18.5, 0.3],
			"rotation": {"angle": 22.5, "axis": "x", "origin": [0, 0, 0]},
			"faces": {
				"north": {"uv": [0, 1, 8, 2], "texture": "#1"},
				"east": {"uv": [9.5, 1, 13.5, 2], "texture": "#1"},
				"south": {"uv": [0, 0, 4, 1], "texture": "#1"},
				"west": {"uv": [7.5, 8, 11.5, 9], "texture": "#1"},
				"up": {"uv": [0, 0, 4, 6], "rotation": 90, "texture": "#1"},
				"down": {"uv": [0, 1.5, 6, 8], "rotation": 90, "texture": "#1"}
			}
		},
		{
			"from": [5, 4.5, 8.3],
			"to": [11, 5.5, 12.3],
			"rotation": {"angle": 22.5, "axis": "x", "origin": [0, 0, 0]},
			"faces": {
				"north": {"uv": [2.5, 2, 10.5, 3], "texture": "#1"},
				"east": {"uv": [9, 1.5, 13, 2.5], "texture": "#1"},
				"south": {"uv": [0, 2, 4, 3], "texture": "#1"},
				"west": {"uv": [7.5, 9.5, 11.5, 10.5], "texture": "#1"},
				"up": {"uv": [0, 0, 4, 6], "rotation": 90, "texture": "#1"},
				"down": {"uv": [0, 1.5, 6, 8], "rotation": 90, "texture": "#1"}
			}
		},
		{
			"from": [5, 5.5, -2.1],
			"to": [11, 6.5, -1.1],
			"rotation": {"angle": 22.5, "axis": "x", "origin": [0, 0, 0]},
			"faces": {
				"north": {"uv": [0, 1, 4, 2], "texture": "#1"},
				"east": {"uv": [7.5, 9.5, 11.5, 10.5], "texture": "#1"},
				"south": {"uv": [2.5, 2, 10.5, 3], "texture": "#1"},
				"west": {"uv": [9, 1.5, 13, 2.5], "texture": "#1"},
				"up": {"uv": [0, 0, 4, 6], "rotation": 270, "texture": "#1"},
				"down": {"uv": [0, 1.5, 6, 8], "rotation": 270, "texture": "#1"}
			}
		},
		{
			"from": [5, 17.5, 9.7],
			"to": [11, 17.5, 10.7],
			"rotation": {"angle": 22.5, "axis": "x", "origin": [0, 0, 0]},
			"faces": {
				"north": {"uv": [2.5, 2, 10.5, 3], "texture": "#1"},
				"east": {"uv": [9, 1.5, 13, 2.5], "texture": "#1"},
				"south": {"uv": [0, 1, 4, 2], "texture": "#1"},
				"west": {"uv": [7.5, 9.5, 11.5, 10.5], "texture": "#1"},
				"up": {"uv": [0, 0, 4, 6], "rotation": 90, "texture": "#1"},
				"down": {"uv": [0, 1.5, 6, 8], "rotation": 90, "texture": "#1"}
			}
		},
		{
			"from": [5, 4.5, -3.7],
			"to": [11, 5.5, 0.3],
			"rotation": {"angle": 22.5, "axis": "x", "origin": [0, 0, 0]},
			"faces": {
				"north": {"uv": [2.5, 2, 10.5, 3], "texture": "#1"},
				"east": {"uv": [9, 1.5, 13, 2.5], "texture": "#1"},
				"south": {"uv": [0, 2, 4, 3], "texture": "#1"},
				"west": {"uv": [7.5, 9.5, 11.5, 10.5], "texture": "#1"},
				"up": {"uv": [0, 0, 4, 6], "rotation": 90, "texture": "#1"},
				"down": {"uv": [0, 1.5, 6, 8], "rotation": 90, "texture": "#1"}
			}
		},
		{
			"from": [3, 17.5, 0.3],
			"to": [5, 18.5, 8.3],
			"rotation": {"angle": 22.5, "axis": "x", "origin": [0, 0, 0]},
			"faces": {
				"north": {"uv": [0, 0, 2, 1], "texture": "#1"},
				"east": {"uv": [0, 0, 8, 1], "texture": "#1"},
				"south": {"uv": [0, 0, 2, 1], "texture": "#1"},
				"west": {"uv": [0, 0, 8, 1], "texture": "#1"},
				"up": {"uv": [0, 0, 8, 2], "rotation": 90, "texture": "#1"},
				"down": {"uv": [0, 0, 8, 2], "rotation": 90, "texture": "#1"}
			}
		},
		{
			"from": [11, 17.5, 0.3],
			"to": [13, 18.5, 8.3],
			"rotation": {"angle": 22.5, "axis": "x", "origin": [0, 0, 0]},
			"faces": {
				"north": {"uv": [2, 0, 0, 1], "texture": "#1"},
				"east": {"uv": [8, 0, 0, 1], "texture": "#1"},
				"south": {"uv": [2, 0, 0, 1], "texture": "#1"},
				"west": {"uv": [8, 0, 0, 1], "texture": "#1"},
				"up": {"uv": [0, 2, 8, 0], "rotation": 90, "texture": "#1"},
				"down": {"uv": [0, 2, 8, 0], "rotation": 90, "texture": "#1"}
			}
		},
		{
			"from": [3, 4.5, 0.3],
			"to": [5, 5.5, 8.3],
			"rotation": {"angle": 22.5, "axis": "x", "origin": [0, 0, 0]},
			"faces": {
				"north": {"uv": [0, 0, 2, 1], "texture": "#1"},
				"east": {"uv": [0, 0, 8, 1], "texture": "#1"},
				"south": {"uv": [0, 2, 2, 3], "texture": "#1"},
				"west": {"uv": [0, 1.5, 8, 2.5], "texture": "#1"},
				"up": {"uv": [0, 0, 8, 2], "rotation": 90, "texture": "#1"},
				"down": {"uv": [0, 0, 8, 2], "rotation": 90, "texture": "#1"}
			}
		},
		{
			"from": [3, 5.5, 8.3],
			"to": [5, 6.5, 12.3],
			"rotation": {"angle": 22.5, "axis": "x", "origin": [0, 0, 0]},
			"faces": {
				"north": {"uv": [0, 1, 2, 2], "texture": "#1"},
				"east": {"uv": [7.5, 5, 15.5, 6], "texture": "#1"},
				"south": {"uv": [0, 1, 2, 2], "texture": "#1"},
				"west": {"uv": [0, 0, 4, 1], "texture": "#1"},
				"up": {"uv": [0, 0, 8, 2], "rotation": 90, "texture": "#1"},
				"down": {"uv": [0, 0, 4, 2], "rotation": 90, "texture": "#1"}
			}
		},
		{
			"from": [3, 5.5, -3.7],
			"to": [5, 6.5, 0.3],
			"rotation": {"angle": 22.5, "axis": "x", "origin": [0, 0, 0]},
			"faces": {
				"north": {"uv": [0, 1, 2, 2], "texture": "#1"},
				"east": {"uv": [7.5, 5, 15.5, 6], "texture": "#1"},
				"south": {"uv": [0, 1, 2, 2], "texture": "#1"},
				"west": {"uv": [0, 0, 4, 1], "texture": "#1"},
				"up": {"uv": [0, 0, 8, 2], "rotation": 90, "texture": "#1"},
				"down": {"uv": [0, 0, 4, 2], "rotation": 90, "texture": "#1"}
			}
		},
		{
			"from": [11, 5.5, 8.3],
			"to": [13, 6.5, 12.3],
			"rotation": {"angle": 22.5, "axis": "x", "origin": [0, 0, 0]},
			"faces": {
				"north": {"uv": [0, 1, 2, 2], "texture": "#1"},
				"east": {"uv": [7.5, 5, 15.5, 6], "texture": "#1"},
				"south": {"uv": [0, 1, 2, 2], "texture": "#1"},
				"west": {"uv": [0, 0, 4, 1], "texture": "#1"},
				"up": {"uv": [0, 0, 8, 2], "rotation": 90, "texture": "#1"},
				"down": {"uv": [0, 0, 4, 2], "rotation": 90, "texture": "#1"}
			}
		},
		{
			"from": [11, 5.5, -3.7],
			"to": [13, 6.5, 0.3],
			"rotation": {"angle": 22.5, "axis": "x", "origin": [0, 0, 0]},
			"faces": {
				"north": {"uv": [0, 1, 2, 2], "texture": "#1"},
				"east": {"uv": [7.5, 5, 15.5, 6], "texture": "#1"},
				"south": {"uv": [0, 1, 2, 2], "texture": "#1"},
				"west": {"uv": [0, 0, 4, 1], "texture": "#1"},
				"up": {"uv": [0, 0, 8, 2], "rotation": 90, "texture": "#1"},
				"down": {"uv": [0, 0, 4, 2], "rotation": 90, "texture": "#1"}
			}
		},
		{
			"from": [3, 16.5, 8.3],
			"to": [5, 17.5, 12.3],
			"rotation": {"angle": 22.5, "axis": "x", "origin": [0, 0, 0]},
			"faces": {
				"north": {"uv": [0, 0, 2, 1], "texture": "#1"},
				"east": {"uv": [0, 1, 8, 2], "texture": "#1"},
				"south": {"uv": [0, 1, 2, 2], "texture": "#1"},
				"west": {"uv": [5, 1, 9, 2], "texture": "#1"},
				"up": {"uv": [0, 0, 8, 2], "rotation": 90, "texture": "#1"},
				"down": {"uv": [0, 0, 4, 2], "rotation": 90, "texture": "#1"}
			}
		},
		{
			"from": [3, 16.5, -3.7],
			"to": [5, 17.5, 0.3],
			"rotation": {"angle": 22.5, "axis": "x", "origin": [0, 0, 0]},
			"faces": {
				"north": {"uv": [0, 0, 2, 1], "texture": "#1"},
				"east": {"uv": [0, 1, 8, 2], "texture": "#1"},
				"south": {"uv": [0, 1, 2, 2], "texture": "#1"},
				"west": {"uv": [5, 1, 9, 2], "texture": "#1"},
				"up": {"uv": [0, 0, 8, 2], "rotation": 90, "texture": "#1"},
				"down": {"uv": [0, 0, 4, 2], "rotation": 90, "texture": "#1"}
			}
		},
		{
			"from": [11, 16.5, 8.3],
			"to": [13, 17.5, 12.3],
			"rotation": {"angle": 22.5, "axis": "x", "origin": [0, 0, 0]},
			"faces": {
				"north": {"uv": [0, 0, 2, 1], "texture": "#1"},
				"east": {"uv": [0, 1, 8, 2], "texture": "#1"},
				"south": {"uv": [0, 1, 2, 2], "texture": "#1"},
				"west": {"uv": [5, 1, 9, 2], "texture": "#1"},
				"up": {"uv": [0, 0, 8, 2], "rotation": 90, "texture": "#1"},
				"down": {"uv": [0, 0, 4, 2], "rotation": 90, "texture": "#1"}
			}
		},
		{
			"from": [11, 16.5, -3.7],
			"to": [13, 17.5, 0.3],
			"rotation": {"angle": 22.5, "axis": "x", "origin": [0, 0, 0]},
			"faces": {
				"north": {"uv": [0, 0, 2, 1], "texture": "#1"},
				"east": {"uv": [0, 1, 8, 2], "texture": "#1"},
				"south": {"uv": [0, 1, 2, 2], "texture": "#1"},
				"west": {"uv": [5, 1, 9, 2], "texture": "#1"},
				"up": {"uv": [0, 0, 8, 2], "rotation": 90, "texture": "#1"},
				"down": {"uv": [0, 0, 4, 2], "rotation": 90, "texture": "#1"}
			}
		},
		{
			"from": [11, 4.5, 0.3],
			"to": [13, 5.5, 8.3],
			"rotation": {"angle": 22.5, "axis": "x", "origin": [0, 0, 0]},
			"faces": {
				"north": {"uv": [2, 0, 0, 1], "texture": "#1"},
				"east": {"uv": [8, 1.5, 0, 2.5], "texture": "#1"},
				"south": {"uv": [2, 0, 0, 1], "texture": "#1"},
				"west": {"uv": [8, 0, 0, 1], "texture": "#1"},
				"up": {"uv": [0, 2, 8, 0], "rotation": 90, "texture": "#1"},
				"down": {"uv": [0, 2, 8, 0], "rotation": 90, "texture": "#1"}
			}
		},
		{
			"from": [2, 16.5, 0.3],
			"to": [3, 17.5, 8.3],
			"rotation": {"angle": 22.5, "axis": "x", "origin": [0, 0, 0]},
			"faces": {
				"north": {"uv": [0, 1, 1, 2], "texture": "#1"},
				"east": {"uv": [0, 1, 8, 2], "texture": "#1"},
				"south": {"uv": [0, 1, 1, 2], "texture": "#1"},
				"west": {"uv": [0, 1, 8, 2], "texture": "#1"},
				"up": {"uv": [0, 0.5, 8, 1.5], "rotation": 90, "texture": "#1"},
				"down": {"uv": [0, 0.5, 8, 1.5], "rotation": 90, "texture": "#1"}
			}
		},
		{
			"from": [13, 16.5, 0.3],
			"to": [14, 17.5, 8.3],
			"rotation": {"angle": 22.5, "axis": "x", "origin": [0, 0, 0]},
			"faces": {
				"north": {"uv": [1, 1, 0, 2], "texture": "#1"},
				"east": {"uv": [8, 1, 0, 2], "texture": "#1"},
				"south": {"uv": [1, 1, 0, 2], "texture": "#1"},
				"west": {"uv": [8, 1, 0, 2], "texture": "#1"},
				"up": {"uv": [0, 1.5, 8, 0.5], "rotation": 90, "texture": "#1"},
				"down": {"uv": [0, 1.5, 8, 0.5], "rotation": 90, "texture": "#1"}
			}
		},
		{
			"from": [2, 5.5, 0.3],
			"to": [3, 6.5, 8.3],
			"rotation": {"angle": 22.5, "axis": "x", "origin": [0, 0, 0]},
			"faces": {
				"north": {"uv": [0, 1, 1, 2], "texture": "#1"},
				"east": {"uv": [0, 1, 8, 2], "texture": "#1"},
				"south": {"uv": [0, 1, 1, 2], "texture": "#1"},
				"west": {"uv": [0, 0, 8, 1], "texture": "#1"},
				"up": {"uv": [0, 1, 8, 2], "rotation": 90, "texture": "#1"},
				"down": {"uv": [0, 0.5, 8, 1.5], "rotation": 90, "texture": "#1"}
			}
		},
		{
			"from": [13, 5.5, 0.3],
			"to": [14, 6.5, 8.3],
			"rotation": {"angle": 22.5, "axis": "x", "origin": [0, 0, 0]},
			"faces": {
				"north": {"uv": [1, 1, 0, 2], "texture": "#1"},
				"east": {"uv": [8, 0.5, 0, 1.5], "texture": "#1"},
				"south": {"uv": [1, 1, 0, 2], "texture": "#1"},
				"west": {"uv": [8, 1, 0, 2], "texture": "#1"},
				"up": {"uv": [0, 2, 8, 1], "rotation": 90, "texture": "#1"},
				"down": {"uv": [0, 1.5, 8, 0.5], "rotation": 90, "texture": "#1"}
			}
		},
		{
			"from": [1, 14.5, 0.3],
			"to": [2, 16.5, 8.3],
			"rotation": {"angle": 22.5, "axis": "x", "origin": [0, 0, 0]},
			"faces": {
				"north": {"uv": [0, 0, 1, 2], "texture": "#1"},
				"east": {"uv": [0, 0, 8, 2], "texture": "#1"},
				"south": {"uv": [0, 0, 1, 2], "texture": "#1"},
				"west": {"uv": [0, 0, 8, 2], "texture": "#1"},
				"up": {"uv": [0, 1, 8, 2], "rotation": 90, "texture": "#1"},
				"down": {"uv": [0, 0, 8, 1], "rotation": 90, "texture": "#1"}
			}
		},
		{
			"from": [14, 14.5, 0.3],
			"to": [15, 16.5, 8.3],
			"rotation": {"angle": 22.5, "axis": "x", "origin": [0, 0, 0]},
			"faces": {
				"north": {"uv": [1, 0, 0, 2], "texture": "#1"},
				"east": {"uv": [8, 0, 0, 2], "texture": "#1"},
				"south": {"uv": [1, 0, 0, 2], "texture": "#1"},
				"west": {"uv": [8, 0, 0, 2], "texture": "#1"},
				"up": {"uv": [0, 2, 8, 1], "rotation": 90, "texture": "#1"},
				"down": {"uv": [0, 1, 8, 0], "rotation": 90, "texture": "#1"}
			}
		},
		{
			"from": [1, 6.5, 0.3],
			"to": [2, 8.5, 8.3],
			"rotation": {"angle": 22.5, "axis": "x", "origin": [0, 0, 0]},
			"faces": {
				"north": {"uv": [0, 0, 1, 2], "texture": "#1"},
				"east": {"uv": [0, 0.5, 8, 2.5], "texture": "#1"},
				"south": {"uv": [0, 0, 1, 2], "texture": "#1"},
				"west": {"uv": [0, 0, 8, 2], "texture": "#1"},
				"up": {"uv": [0, 0, 8, 1], "rotation": 90, "texture": "#1"},
				"down": {"uv": [0, 1, 8, 2], "rotation": 90, "texture": "#1"}
			}
		},
		{
			"from": [2, 14.5, 8.3],
			"to": [3, 16.5, 12.3],
			"rotation": {"angle": 22.5, "axis": "x", "origin": [0, 0, 0]},
			"faces": {
				"north": {"uv": [0, 0, 1, 2], "texture": "#1"},
				"east": {"uv": [3.5, 8, 7.5, 10], "texture": "#1"},
				"south": {"uv": [0, 0, 1, 2], "texture": "#1"},
				"west": {"uv": [4.5, 6, 8.5, 8], "texture": "#1"},
				"up": {"uv": [0, 0, 8, 1], "rotation": 90, "texture": "#1"},
				"down": {"uv": [0, 1, 8, 2], "rotation": 90, "texture": "#1"}
			}
		},
		{
			"from": [2, 14.5, -3.7],
			"to": [3, 16.5, 0.3],
			"rotation": {"angle": 22.5, "axis": "x", "origin": [0, 0, 0]},
			"faces": {
				"north": {"uv": [0, 0, 1, 2], "texture": "#1"},
				"east": {"uv": [3.5, 8, 7.5, 10], "texture": "#1"},
				"south": {"uv": [0, 0, 1, 2], "texture": "#1"},
				"west": {"uv": [4.5, 6, 8.5, 8], "texture": "#1"},
				"up": {"uv": [0, 0, 8, 1], "rotation": 90, "texture": "#1"},
				"down": {"uv": [0, 1, 8, 2], "rotation": 90, "texture": "#1"}
			}
		},
		{
			"from": [13, 14.5, 8.3],
			"to": [14, 16.5, 12.3],
			"rotation": {"angle": 22.5, "axis": "x", "origin": [0, 0, 0]},
			"faces": {
				"north": {"uv": [0, 0, 1, 2], "texture": "#1"},
				"east": {"uv": [3.5, 8, 7.5, 10], "texture": "#1"},
				"south": {"uv": [0, 0, 1, 2], "texture": "#1"},
				"west": {"uv": [4.5, 6, 8.5, 8], "texture": "#1"},
				"up": {"uv": [0, 0, 8, 1], "rotation": 90, "texture": "#1"},
				"down": {"uv": [0, 1, 8, 2], "rotation": 90, "texture": "#1"}
			}
		},
		{
			"from": [13, 14.5, -3.7],
			"to": [14, 16.5, 0.3],
			"rotation": {"angle": 22.5, "axis": "x", "origin": [0, 0, 0]},
			"faces": {
				"north": {"uv": [0, 0, 1, 2], "texture": "#1"},
				"east": {"uv": [3.5, 8, 7.5, 10], "texture": "#1"},
				"south": {"uv": [0, 0, 1, 2], "texture": "#1"},
				"west": {"uv": [4.5, 6, 8.5, 8], "texture": "#1"},
				"up": {"uv": [0, 0, 8, 1], "rotation": 90, "texture": "#1"},
				"down": {"uv": [0, 1, 8, 2], "rotation": 90, "texture": "#1"}
			}
		},
		{
			"from": [2, 6.5, 8.3],
			"to": [3, 8.5, 12.3],
			"rotation": {"angle": 22.5, "axis": "x", "origin": [0, 0, 0]},
			"faces": {
				"north": {"uv": [0, 0, 1, 2], "texture": "#1"},
				"east": {"uv": [3.5, 8.5, 7.5, 10.5], "texture": "#1"},
				"south": {"uv": [0, 0, 1, 2], "texture": "#1"},
				"west": {"uv": [4.5, 6, 8.5, 8], "texture": "#1"},
				"up": {"uv": [0, 0, 8, 1], "rotation": 90, "texture": "#1"},
				"down": {"uv": [0, 1, 8, 2], "rotation": 90, "texture": "#1"}
			}
		},
		{
			"from": [2, 6.5, -3.7],
			"to": [3, 8.5, 0.3],
			"rotation": {"angle": 22.5, "axis": "x", "origin": [0, 0, 0]},
			"faces": {
				"north": {"uv": [0, 0, 1, 2], "texture": "#1"},
				"east": {"uv": [3.5, 8.5, 7.5, 10.5], "texture": "#1"},
				"south": {"uv": [0, 0, 1, 2], "texture": "#1"},
				"west": {"uv": [4.5, 6, 8.5, 8], "texture": "#1"},
				"up": {"uv": [0, 0, 8, 1], "rotation": 90, "texture": "#1"},
				"down": {"uv": [0, 1, 8, 2], "rotation": 90, "texture": "#1"}
			}
		},
		{
			"from": [13, 6.5, 8.3],
			"to": [14, 8.5, 12.3],
			"rotation": {"angle": 22.5, "axis": "x", "origin": [0, 0, 0]},
			"faces": {
				"north": {"uv": [0, 0, 1, 2], "texture": "#1"},
				"east": {"uv": [3.5, 8.5, 7.5, 10.5], "texture": "#1"},
				"south": {"uv": [0, 0, 1, 2], "texture": "#1"},
				"west": {"uv": [4.5, 6, 8.5, 8], "texture": "#1"},
				"up": {"uv": [0, 0, 8, 1], "rotation": 90, "texture": "#1"},
				"down": {"uv": [0, 1, 8, 2], "rotation": 90, "texture": "#1"}
			}
		},
		{
			"from": [13, 6.5, -3.7],
			"to": [14, 8.5, 0.3],
			"rotation": {"angle": 22.5, "axis": "x", "origin": [0, 0, 0]},
			"faces": {
				"north": {"uv": [0, 0, 1, 2], "texture": "#1"},
				"east": {"uv": [3.5, 8.5, 7.5, 10.5], "texture": "#1"},
				"south": {"uv": [0, 0, 1, 2], "texture": "#1"},
				"west": {"uv": [4.5, 6, 8.5, 8], "texture": "#1"},
				"up": {"uv": [0, 0, 8, 1], "rotation": 90, "texture": "#1"},
				"down": {"uv": [0, 1, 8, 2], "rotation": 90, "texture": "#1"}
			}
		},
		{
			"from": [14, 6.5, 0.3],
			"to": [15, 8.5, 8.3],
			"rotation": {"angle": 22.5, "axis": "x", "origin": [0, 0, 0]},
			"faces": {
				"north": {"uv": [1, 0, 0, 2], "texture": "#1"},
				"east": {"uv": [8, 0, 0, 2], "texture": "#1"},
				"south": {"uv": [1, 0, 0, 2], "texture": "#1"},
				"west": {"uv": [8, 0.5, 0, 2.5], "texture": "#1"},
				"up": {"uv": [0, 1, 8, 0], "rotation": 90, "texture": "#1"},
				"down": {"uv": [0, 2, 8, 1], "rotation": 90, "texture": "#1"}
			}
		},
		{
			"from": [0, 8.5, 0.3],
			"to": [1, 14.5, 8.3],
			"rotation": {"angle": 22.5, "axis": "x", "origin": [0, 0, 0]},
			"faces": {
				"north": {"uv": [0, 0, 1, 6], "texture": "#1"},
				"east": {"uv": [0, 0, 8, 6], "texture": "#1"},
				"south": {"uv": [0, 0, 1, 6], "texture": "#1"},
				"west": {"uv": [0, 0, 8, 6], "texture": "#1"},
				"up": {"uv": [0, 0, 8, 1], "rotation": 90, "texture": "#1"},
				"down": {"uv": [0, 0, 8, 1], "rotation": 90, "texture": "#1"}
			}
		},
		{
			"from": [1, 8.5, 8.3],
			"to": [2, 14.5, 12.3],
			"rotation": {"angle": 22.5, "axis": "x", "origin": [0, 0, 0]},
			"faces": {
				"north": {"uv": [0, 0, 1, 6], "texture": "#1"},
				"east": {"uv": [0, 0, 4, 6], "texture": "#1"},
				"south": {"uv": [0, 0, 1, 6], "texture": "#1"},
				"west": {"uv": [0, 0, 4, 6], "texture": "#1"},
				"up": {"uv": [0, 0, 4, 1], "rotation": 90, "texture": "#1"},
				"down": {"uv": [0, 0, 4, 1], "rotation": 90, "texture": "#1"}
			}
		},
		{
			"from": [1, 8.5, -3.7],
			"to": [2, 14.5, 0.3],
			"rotation": {"angle": 22.5, "axis": "x", "origin": [0, 0, 0]},
			"faces": {
				"north": {"uv": [0, 0, 1, 6], "texture": "#1"},
				"east": {"uv": [0, 0, 4, 6], "texture": "#1"},
				"south": {"uv": [0, 0, 1, 6], "texture": "#1"},
				"west": {"uv": [0, 0, 4, 6], "texture": "#1"},
				"up": {"uv": [0, 0, 4, 1], "rotation": 90, "texture": "#1"},
				"down": {"uv": [0, 0, 4, 1], "rotation": 90, "texture": "#1"}
			}
		},
		{
			"from": [14, 8.5, 8.3],
			"to": [15, 14.5, 12.3],
			"rotation": {"angle": 22.5, "axis": "x", "origin": [0, 0, 0]},
			"faces": {
				"north": {"uv": [0, 0, 1, 6], "texture": "#1"},
				"east": {"uv": [0, 0, 4, 6], "texture": "#1"},
				"south": {"uv": [0, 0, 1, 6], "texture": "#1"},
				"west": {"uv": [0, 0, 4, 6], "texture": "#1"},
				"up": {"uv": [0, 0, 4, 1], "rotation": 90, "texture": "#1"},
				"down": {"uv": [0, 0, 4, 1], "rotation": 90, "texture": "#1"}
			}
		},
		{
			"from": [1.1, 0, 2],
			"to": [2.3, 7, 5],
			"faces": {
				"north": {"uv": [0.5, 14.8, 7.5, 16], "rotation": 270, "texture": "#1"},
				"east": {"uv": [0, 0, 3, 7], "texture": "#1"},
				"south": {"uv": [0.5, 14.8, 7.5, 16], "rotation": 270, "texture": "#1"},
				"west": {"uv": [0.5, 13, 7.5, 16], "rotation": 270, "texture": "#1"},
				"up": {"uv": [0.75, 14.8, 3.75, 16], "rotation": 270, "texture": "#1"},
				"down": {"uv": [0.25, 13.25, 1, 16], "texture": "#1"}
			}
		},
		{
			"from": [1.1, 0, 5],
			"to": [2.3, 3, 8],
			"faces": {
				"north": {"uv": [0.25, 9, 1.45, 12], "texture": "#1"},
				"east": {"uv": [0, 0, 3, 3], "texture": "#1"},
				"south": {"uv": [0.5, 13, 1.7, 16], "texture": "#1"},
				"west": {"uv": [0.5, 13, 3.5, 16], "texture": "#1"},
				"up": {"uv": [0.25, 13, 1.45, 16], "texture": "#1"},
				"down": {"uv": [0.25, 13.25, 1, 16], "texture": "#1"}
			}
		},
		{
			"from": [1.1, 0, 8],
			"to": [2.1, 3, 11],
			"faces": {
				"north": {"uv": [0.25, 9, 1.25, 12], "texture": "#1"},
				"east": {"uv": [0, 0, 3, 3], "texture": "#1"},
				"south": {"uv": [0.5, 13, 1.5, 16], "texture": "#1"},
				"west": {"uv": [4.5, 13, 7.5, 16], "texture": "#1"},
				"up": {"uv": [0.5, 13, 1.5, 16], "texture": "#1"},
				"down": {"uv": [0.25, 13.25, 1, 16], "texture": "#1"}
			}
		},
		{
			"from": [2.3, 0, 2],
			"to": [13.7, 1, 3],
			"faces": {
				"north": {"uv": [0.5, 13.25, 7.6, 16], "texture": "#1"},
				"east": {"uv": [0, 0, 1, 1], "texture": "#1"},
				"south": {"uv": [0.5, 16, 7.85, 13.25], "texture": "#1"},
				"west": {"uv": [0, 0, 1, 1], "texture": "#missing"},
				"up": {"uv": [0.25, 13.25, 7.6, 16], "texture": "#1"},
				"down": {"uv": [0.25, 13.25, 8.1, 14], "texture": "#1"}
			}
		},
		{
			"from": [13.7, 0, 2],
			"to": [14.9, 7, 5],
			"faces": {
				"north": {"uv": [0.5, 13, 7.5, 14.2], "rotation": 270, "texture": "#1"},
				"east": {"uv": [0.5, 13, 7.5, 16], "rotation": 90, "texture": "#1"},
				"south": {"uv": [0.5, 16, 1.25, 16], "texture": "#1"},
				"west": {"uv": [3, 13, 9.75, 14.5], "rotation": 270, "texture": "#1"},
				"up": {"uv": [0.25, 13, 1.45, 16], "texture": "#1"},
				"down": {"uv": [0.25, 13.25, 1, 16], "texture": "#1"}
			}
		},
		{
			"from": [13.7, 0, 5],
			"to": [14.9, 3, 8],
			"faces": {
				"north": {"uv": [0.25, 9, 1.45, 12], "texture": "#1"},
				"east": {"uv": [2.25, 13, 5.25, 16], "texture": "#1"},
				"south": {"uv": [0.5, 16, 1.25, 15.25], "texture": "#1"},
				"west": {"uv": [0.75, 13, 3.75, 16], "rotation": 270, "texture": "#1"},
				"up": {"uv": [0.25, 13, 1.45, 16], "texture": "#1"},
				"down": {"uv": [0.25, 13.25, 1, 16], "texture": "#1"}
			}
		},
		{
			"from": [13.9, 0, 8],
			"to": [14.9, 3, 11],
			"faces": {
				"north": {"uv": [0.25, 9, 1.25, 12], "texture": "#1"},
				"east": {"uv": [0.5, 13, 3.5, 16], "texture": "#1"},
				"south": {"uv": [0.5, 16, 1.25, 15.25], "texture": "#1"},
				"west": {"uv": [0.75, 13, 3.75, 16], "rotation": 270, "texture": "#1"},
				"up": {"uv": [0.5, 15, 3.5, 16], "rotation": 270, "texture": "#1"},
				"down": {"uv": [0.25, 13.25, 1, 16], "texture": "#1"}
			}
		}
	],
	"display": {
		"head": {
			"translation": [0, -14.7, 0],
			"scale": [2.29, 2.29, 2.29]
		}
	},
	"groups": [
		{
			"name": "Barrel",
			"origin": [0, 0, 0],
			"color": 0,
			"nbt": "{}",
			"children": [0, 1, 2, 3, 4, 5, 6, 7, 8, 9, 10, 11, 12, 13, 14, 15, 16, 17, 18, 19, 20, 21, 22, 23, 24, 25, 26, 27, 28, 29, 30, 31, 32, 33, 34, 35, 36, 37, 38, 39, 40, 41]
		},
		{
			"name": "Bootom",
			"origin": [0, 0, 0],
			"color": 0,
			"nbt": "{}",
			"children": [42, 43, 44, 45, 46, 47, 48]
		}
	]
}