{
	"credit": "Made with Blockbench",
	"textures": {
		"0": "item/standtexture",
		"particle": "item/standtexture"
	},
	"elements": [
		{
			"from": [1, 0, 1],
			"to": [15, 1.25, 15],
			"faces": {
				"north": {"uv": [0, 0, 14, 0.91897], "texture": "#0"},
				"east": {"uv": [0, 0, 14, 1.10287], "texture": "#0"},
				"south": {"uv": [0, 0, 14, 1.02931], "texture": "#0"},
				"west": {"uv": [0, 0, 14, 1.02931], "texture": "#0"},
				"up": {"uv": [1.28736, 1.06667, 14.29425, 14.51494], "texture": "#0"},
				"down": {"uv": [0, 0, 14, 14], "texture": "#0"}
			}
		},
		{
			"from": [6.5, 2.25, 7],
			"to": [9.5, 13.25, 9.5],
			"rotation": {"angle": 0, "axis": "y", "origin": [0, 2.25, 0]},
			"faces": {
				"north": {"uv": [1.32414, 1.32414, 4.32414, 10.32414], "texture": "#0"},
				"east": {"uv": [1.28736, 1.17701, 3.78736, 10.17701], "texture": "#0"},
				"south": {"uv": [1.28736, 1.02989, 4.28736, 10.02989], "texture": "#0"},
				"west": {"uv": [1.28736, 1.21379, 3.78736, 10.21379], "texture": "#0"},
				"up": {"uv": [1.32414, 1.06667, 4.32414, 3.56667], "texture": "#0"},
				"down": {"uv": [1.10345, 1.02989, 4.10345, 3.52989], "texture": "#0"}
			}
		},
		{
			"from": [5.5, 13, 5.5],
			"to": [10.5, 14, 10.5],
			"rotation": {"angle": 0, "axis": "y", "origin": [0, 4, 0]},
			"faces": {
				"north": {"uv": [0, 0, 5, 1], "texture": "#0"},
				"east": {"uv": [0, 0, 5, 1], "texture": "#0"},
				"south": {"uv": [0, 0, 5, 1], "texture": "#0"},
				"west": {"uv": [0, 0, 5, 1], "texture": "#0"},
				"up": {"uv": [1.28736, 1.28736, 6.28736, 6.28736], "texture": "#0"},
				"down": {"uv": [0, 0, 5, 5], "texture": "#0"}
			}
		},
		{
			"from": [9, 2.75, 6],
			"to": [10, 13.5, 7],
			"rotation": {"angle": 0, "axis": "y", "origin": [1.5, 3, 0]},
			"faces": {
				"north": {"uv": [0, 0, 1, 10.75], "texture": "#0"},
				"east": {"uv": [0, 0, 1, 10.75], "texture": "#0"},
				"south": {"uv": [0, 0, 1, 10.75], "texture": "#0"},
				"west": {"uv": [0, 0, 1, 10.75], "texture": "#0"},
				"up": {"uv": [0, 0, 1, 1], "texture": "#0"},
				"down": {"uv": [0, 0, 1, 1], "texture": "#0"}
			}
		},
		{
			"from": [6, 2.75, 6],
			"to": [7, 13.5, 7],
			"rotation": {"angle": 0, "axis": "y", "origin": [-1.5, 3, 0]},
			"faces": {
				"north": {"uv": [0, 0, 1, 10.75], "texture": "#0"},
				"east": {"uv": [0, 0, 1, 10.75], "texture": "#0"},
				"south": {"uv": [0, 0, 1, 10.75], "texture": "#0"},
				"west": {"uv": [0, 0, 1, 10.75], "texture": "#0"},
				"up": {"uv": [0, 0, 1, 1], "texture": "#0"},
				"down": {"uv": [0, 0, 1, 1], "texture": "#0"}
			}
		},
		{
			"from": [6, 2.75, 9],
			"to": [7, 13.5, 10],
			"rotation": {"angle": 0, "axis": "y", "origin": [1.5, 3, 3]},
			"faces": {
				"north": {"uv": [0, 0, 1, 10.75], "texture": "#0"},
				"east": {"uv": [0, 0, 1, 10.75], "texture": "#0"},
				"south": {"uv": [0, 0, 1, 10.75], "texture": "#0"},
				"west": {"uv": [0, 0, 1, 10.75], "texture": "#0"},
				"up": {"uv": [0, 0, 1, 1], "texture": "#0"},
				"down": {"uv": [0, 0, 1, 1], "texture": "#0"}
			}
		},
		{
			"from": [9, 2.75, 9],
			"to": [10, 13.5, 10],
			"rotation": {"angle": 0, "axis": "y", "origin": [4.5, 3, 3]},
			"faces": {
				"north": {"uv": [0, 0, 1, 10.75], "texture": "#0"},
				"east": {"uv": [0, 0, 1, 10.75], "texture": "#0"},
				"south": {"uv": [0, 0, 1, 10.75], "texture": "#0"},
				"west": {"uv": [0, 0, 1, 10.75], "texture": "#0"},
				"up": {"uv": [0, 0, 1, 1], "texture": "#0"},
				"down": {"uv": [0, 0, 1, 1], "texture": "#0"}
			}
		},
		{
			"from": [4.75, 1.25, 4.75],
			"to": [11.25, 2.25, 11.25],
			"rotation": {"angle": 0, "axis": "y", "origin": [5, 1.25, 2]},
			"faces": {
				"north": {"uv": [0, 0, 6.5, 1], "texture": "#0"},
				"east": {"uv": [0, 0, 6.5, 1], "texture": "#0"},
				"south": {"uv": [0, 0, 6.5, 1], "texture": "#0"},
				"west": {"uv": [0, 0, 6.5, 1], "texture": "#0"},
				"up": {"uv": [1.28736, 1.17701, 7.78736, 7.67701], "texture": "#0"},
				"down": {"uv": [0, 0, 6.5, 6.5], "texture": "#0"}
			}
		},
		{
			"from": [5.75, 2.25, 5.75],
			"to": [10.25, 2.75, 10.25],
			"rotation": {"angle": 0, "axis": "y", "origin": [5, 2.25, 2]},
			"faces": {
				"north": {"uv": [0, 0, 4.5, 0.5], "texture": "#0"},
				"east": {"uv": [0, 0, 4.5, 0.5], "texture": "#0"},
				"south": {"uv": [0, 0, 4.5, 0.5], "texture": "#0"},
				"west": {"uv": [0, 0, 4.5, 0.5], "texture": "#0"},
				"up": {"uv": [1.43448, 1.21379, 5.93448, 5.71379], "texture": "#0"},
				"down": {"uv": [0, 0, 4.5, 4.5], "texture": "#0"}
			}
		}
	],
	"display": {
		"fixed": {
			"rotation": [-90, 0, 0],
			"translation": [0, 0, -17.75],
			"scale": [2, 2.24805, 2]
		}
	}
}