{
	"credit": "Made with Blockbench",
	"texture_size": [2373, 1326],
	"textures": {
		"6": "item/table"
	},
	"elements": [
		{
			"from": [14, 0, 14],
			"to": [17, 9, 17],
			"faces": {
				"north": {"uv": [0.52529, 0, 0, 16], "texture": "#6"},
				"east": {"uv": [0, 0, 0.55563, 16], "texture": "#6"},
				"south": {"uv": [0, 0, 0.50506, 16], "texture": "#6"},
				"west": {"uv": [0, 0, 0.18542, 16], "texture": "#6"},
				"up": {"uv": [5.46158, 8.10677, 5.51489, 8.25235], "texture": "#6"},
				"down": {"uv": [0, 0, 0.55226, 1.8952], "texture": "#6"}
			}
		},
		{
			"from": [-1, 0, 14],
			"to": [2, 9, 17],
			"rotation": {"angle": 0, "axis": "y", "origin": [16, 0, 0]},
			"faces": {
				"north": {"uv": [0.52529, 0, 0, 15.94538], "texture": "#6"},
				"east": {"uv": [0.58997, 0, 0, 16], "texture": "#6"},
				"south": {"uv": [0.57585, 0, 0, 16], "texture": "#6"},
				"west": {"uv": [0.48146, 0, 0, 16], "texture": "#6"},
				"up": {"uv": [5.51489, 8.10677, 5.46158, 8.25235], "texture": "#6"},
				"down": {"uv": [0.53203, 0, 0, 1.03246], "texture": "#6"}
			}
		},
		{
			"from": [-1, 0, -12],
			"to": [2, 9, -9],
			"rotation": {"angle": 0, "axis": "y", "origin": [16, 0, 16]},
			"faces": {
				"north": {"uv": [0.5826, 0, 0, 16], "texture": "#6"},
				"east": {"uv": [0.5826, 0, 0, 16], "texture": "#6"},
				"south": {"uv": [0.56575, 0, 0, 16], "texture": "#6"},
				"west": {"uv": [0, 0, 0.49895, 16], "texture": "#6"},
				"up": {"uv": [0.45786, 1.29792, 0, 0], "rotation": 180, "texture": "#6"},
				"down": {"uv": [0.56911, 2.25719, 0, 0], "rotation": 180, "texture": "#6"}
			}
		},
		{
			"from": [14, 0, -12],
			"to": [17, 9, -9],
			"rotation": {"angle": 0, "axis": "y", "origin": [0, 0, 16]},
			"faces": {
				"north": {"uv": [0, 0, 0.5826, 16], "texture": "#6"},
				"east": {"uv": [0.49895, 0, 0, 16], "texture": "#6"},
				"south": {"uv": [0, 0, 0.5826, 16], "texture": "#6"},
				"west": {"uv": [0, 0, 0.5826, 16], "texture": "#6"},
				"up": {"uv": [0, 1.29792, 0.45786, 0], "rotation": 180, "texture": "#6"},
				"down": {"uv": [0, 2.25719, 0.56911, 0], "rotation": 180, "texture": "#6"}
			}
		},
		{
			"from": [2, 4, 15.75],
			"to": [14, 9, 16],
			"rotation": {"angle": 0, "axis": "y", "origin": [16, 0, 0]},
			"faces": {
				"north": {"uv": [7.97303, 0, 10.67396, 8.03761], "texture": "#6"},
				"east": {"uv": [0.01349, 0, 0.01349, 0.0724], "texture": "#missing"},
				"south": {"uv": [8.01011, 0, 10.65711, 7.94108], "texture": "#6"},
				"west": {"uv": [0.01349, 0, 0.01349, 0.0724], "texture": "#missing"},
				"up": {"uv": [0.01349, 0, 0.0944, 0], "texture": "#missing"},
				"down": {"uv": [0.06202, 0, 0.43411, 0], "texture": "#6"}
			}
		},
		{
			"from": [2, 4, -10.95],
			"to": [14, 9, -10.7],
			"rotation": {"angle": 0, "axis": "y", "origin": [16, 0, 0]},
			"faces": {
				"north": {"uv": [8.02697, 0, 10.65373, 8.00745], "texture": "#6"},
				"east": {"uv": [0.01349, 0, 0.01349, 0.0724], "texture": "#missing"},
				"south": {"uv": [8.01011, 0, 10.62339, 8.00141], "texture": "#6"},
				"west": {"uv": [0.01349, 0, 0.01349, 0.0724], "texture": "#missing"},
				"up": {"uv": [0.01349, 0, 0.0944, 0], "texture": "#missing"},
				"down": {"uv": [0.06202, 0, 0.43411, 0], "texture": "#6"}
			}
		},
		{
			"from": [1, 3, -10.75],
			"to": [15, 4, 15.75],
			"faces": {
				"north": {"uv": [0, 0, 5.26225, 0.47878], "texture": "#6"},
				"east": {"uv": [0, 0, 5.05753, 0.47878], "texture": "#6"},
				"south": {"uv": [0, 0, 5.13414, 0.53911], "texture": "#6"},
				"west": {"uv": [0, 0, 5.21935, 0.47878], "texture": "#6"},
				"up": {"uv": [7.98989, 8, 10.62685, 16], "texture": "#6"},
				"down": {"uv": [7.93595, 8, 10.68324, 16], "texture": "#6"}
			}
		},
		{
			"from": [-2, 9, -13],
			"to": [18, 11, 18],
			"faces": {
				"north": {"uv": [0, 14.78733, 7.16794, 16], "texture": "#6"},
				"east": {"uv": [0, 14.75716, 7.84555, 15.96983], "texture": "#6"},
				"south": {"uv": [0.02023, 14.88386, 6.81732, 16], "texture": "#6"},
				"west": {"uv": [0, 14.95023, 6.88812, 16], "texture": "#6"},
				"up": {"uv": [7.9528, 8.09653, 10.66393, 16], "texture": "#6"},
				"down": {"uv": [7.97303, 8, 10.62685, 16], "texture": "#6"}
			}
		},
		{
			"from": [5.25, 11, -5.75],
			"to": [9.25, 14.75, -1.75],
			"rotation": {"angle": -45, "axis": "y", "origin": [0, 0, 0]},
			"faces": {
				"north": {"uv": [13.39065, 8, 16, 16], "texture": "#6"},
				"east": {"uv": [13.37379, 7.93363, 16, 16], "texture": "#6"},
				"south": {"uv": [13.35356, 7.96983, 16, 16], "texture": "#6"},
				"west": {"uv": [13.35356, 7.96983, 16, 16], "texture": "#6"},
				"up": {"uv": [10.66667, 8, 16, 16], "texture": "#6"},
				"down": {"uv": [10.66667, 8, 16, 16], "texture": "#6"}
			}
		},
		{
			"from": [5.25, 14.75, -5.75],
			"to": [9.25, 14.75, -1.75],
			"rotation": {"angle": -45, "axis": "y", "origin": [0, 0, 0]},
			"faces": {
				"north": {"uv": [10.66667, 8, 10.77455, 8.19306], "texture": "#6"},
				"east": {"uv": [10.66667, 8, 10.77455, 8.19306], "texture": "#6"},
				"south": {"uv": [10.66667, 8, 10.77455, 8.19306], "texture": "#6"},
				"west": {"uv": [10.66667, 8, 10.77455, 8.19306], "texture": "#6"},
				"up": {"uv": [13.41088, 0, 16, 8.05454], "texture": "#6"},
				"down": {"uv": [10.66667, 8, 10.77455, 8.19306], "texture": "#6"}
			}
		},
		{
			"from": [4.75, 14, -1.75],
			"to": [9.75, 15.25, -1.25],
			"rotation": {"angle": -45, "axis": "y", "origin": [0, 0, 0]},
			"faces": {
				"north": {"uv": [13.5255, 8.29563, 14.42562, 9.41842], "texture": "#6"},
				"east": {"uv": [13.52213, 8.36199, 14.26043, 9.21267], "texture": "#6"},
				"south": {"uv": [13.35356, 8.09653, 16, 9.44255], "texture": "#6"},
				"west": {"uv": [14.52676, 9.2549, 13.35693, 8.38612], "texture": "#6"},
				"up": {"uv": [13.7244, 8.52489, 14.95491, 9.48416], "texture": "#6"},
				"down": {"uv": [13.85588, 8.46456, 14.68184, 9.09804], "texture": "#6"}
			}
		},
		{
			"from": [4.75, 14, -6.25],
			"to": [9.75, 15.25, -5.75],
			"rotation": {"angle": -45, "axis": "y", "origin": [0, 0, 0]},
			"faces": {
				"north": {"uv": [13.39065, 8.1991, 16, 9.52099], "texture": "#6"},
				"east": {"uv": [13.46482, 8.26546, 14.71892, 9.1463], "texture": "#6"},
				"south": {"uv": [13.65361, 8.1991, 14.90434, 9.15899], "texture": "#6"},
				"west": {"uv": [16, 8.52489, 13.49852, 8.22323], "texture": "#6"},
				"up": {"uv": [13.7244, 8.52489, 14.95491, 9.48416], "texture": "#6"},
				"down": {"uv": [14.14918, 8.59125, 14.62453, 9.02564], "texture": "#6"}
			}
		},
		{
			"from": [9.25, 14, -5.75],
			"to": [9.75, 15.25, -1.75],
			"rotation": {"angle": -45, "axis": "y", "origin": [0, 0, 0]},
			"faces": {
				"north": {"uv": [10.66667, 8, 10.67004, 8.02413], "texture": "#6"},
				"east": {"uv": [13.39065, 8.06637, 16, 9.52172], "texture": "#6"},
				"south": {"uv": [10.66667, 7.8371, 11.40835, 7.82503], "texture": "#6"},
				"west": {"uv": [15.19764, 8.88688, 13.66709, 8.53011], "texture": "#6"},
				"up": {"uv": [13.7244, 8.52489, 14.92457, 9.5264], "texture": "#6"},
				"down": {"uv": [13.55921, 8.29563, 14.70881, 8.86878], "texture": "#6"}
			}
		},
		{
			"from": [4.75, 14, -5.75],
			"to": [5.25, 15.25, -1.75],
			"rotation": {"angle": -45, "axis": "y", "origin": [0, 0, 0]},
			"faces": {
				"north": {"uv": [10.66667, 8, 10.67004, 8.02413], "texture": "#6"},
				"east": {"uv": [13.67046, 8.1991, 14.31437, 9.15973], "texture": "#6"},
				"south": {"uv": [10.66667, 7.8371, 11.40835, 7.82503], "texture": "#6"},
				"west": {"uv": [13.41088, 8.1991, 16, 9.35062], "texture": "#6"},
				"up": {"uv": [13.7244, 8.52489, 14.92457, 9.5264], "texture": "#6"},
				"down": {"uv": [14.05816, 8.42836, 14.59756, 8.83862], "texture": "#6"}
			}
		},
		{
			"from": [2.25, 4, -10.75],
			"to": [6.25, 6.5, -6.75],
			"rotation": {"angle": -45, "axis": "y", "origin": [0, 0, 0]},
			"faces": {
				"north": {"uv": [13.39065, 8, 16, 16], "texture": "#6"},
				"east": {"uv": [13.37379, 8.09653, 16, 16], "texture": "#6"},
				"south": {"uv": [13.35356, 8.10256, 16, 16], "texture": "#6"},
				"west": {"uv": [13.35356, 8.13273, 16, 16], "texture": "#6"},
				"up": {"uv": [10.66667, 8, 16, 16], "texture": "#6"},
				"down": {"uv": [10.66667, 8, 16, 16], "texture": "#6"}
			}
		},
		{
			"from": [2.25, 7, -10.75],
			"to": [6.25, 7, -6.75],
			"rotation": {"angle": -45, "axis": "y", "origin": [0, 0, 0]},
			"faces": {
				"north": {"uv": [10.66667, 8, 10.77455, 8.19306], "texture": "#6"},
				"east": {"uv": [10.66667, 8, 10.77455, 8.19306], "texture": "#6"},
				"south": {"uv": [10.66667, 8, 10.77455, 8.19306], "texture": "#6"},
				"west": {"uv": [10.66667, 8, 10.77455, 8.19306], "texture": "#6"},
				"up": {"uv": [13.41088, 0, 16, 8.05454], "texture": "#6"},
				"down": {"uv": [10.66667, 8, 10.77455, 8.19306], "texture": "#6"}
			}
		},
		{
			"from": [1.75, 6.5, -6.75],
			"to": [6.75, 7.25, -6.25],
			"rotation": {"angle": -45, "axis": "y", "origin": [0, 0, 0]},
			"faces": {
				"north": {"uv": [13.5255, 8.29563, 14.42562, 9.41842], "texture": "#6"},
				"east": {"uv": [13.52213, 8.36199, 14.26043, 9.21267], "texture": "#6"},
				"south": {"uv": [13.35356, 8.09653, 16, 9.44255], "texture": "#6"},
				"west": {"uv": [14.52676, 9.2549, 13.35693, 8.38612], "texture": "#6"},
				"up": {"uv": [13.7244, 8.52489, 14.95491, 9.48416], "texture": "#6"},
				"down": {"uv": [13.85588, 8.46456, 14.5335, 9.03167], "texture": "#6"}
			}
		},
		{
			"from": [1.75, 6.5, -11.25],
			"to": [6.75, 7.25, -10.75],
			"rotation": {"angle": -45, "axis": "y", "origin": [0, 0, 0]},
			"faces": {
				"north": {"uv": [13.39065, 8.1991, 16, 9.52099], "texture": "#6"},
				"east": {"uv": [13.46482, 8.26546, 14.71892, 9.1463], "texture": "#6"},
				"south": {"uv": [13.65361, 8.1991, 14.90434, 9.15899], "texture": "#6"},
				"west": {"uv": [16, 8.52489, 13.49852, 8.22323], "texture": "#6"},
				"up": {"uv": [13.7244, 8.52489, 14.95491, 9.48416], "texture": "#6"},
				"down": {"uv": [13.85588, 8.46456, 14.5335, 9.03167], "texture": "#6"}
			}
		},
		{
			"from": [6.25, 6.5, -10.75],
			"to": [6.75, 7.25, -6.75],
			"rotation": {"angle": -45, "axis": "y", "origin": [0, 0, 0]},
			"faces": {
				"north": {"uv": [10.66667, 8, 10.67004, 8.02413], "texture": "#6"},
				"east": {"uv": [13.39065, 8.06637, 16, 9.52172], "texture": "#6"},
				"south": {"uv": [10.66667, 7.8371, 11.40835, 7.82503], "texture": "#6"},
				"west": {"uv": [15.19764, 8.88688, 13.66709, 8.53011], "texture": "#6"},
				"up": {"uv": [13.7244, 8.52489, 14.92457, 9.5264], "texture": "#6"},
				"down": {"uv": [13.85588, 8.46456, 14.50316, 9.07391], "texture": "#6"}
			}
		},
		{
			"from": [1.75, 6.5, -10.75],
			"to": [2.25, 7.25, -6.75],
			"rotation": {"angle": -45, "axis": "y", "origin": [0, 0, 0]},
			"faces": {
				"north": {"uv": [10.66667, 8, 10.67004, 8.02413], "texture": "#6"},
				"east": {"uv": [13.67046, 8.1991, 14.31437, 9.15973], "texture": "#6"},
				"south": {"uv": [10.66667, 7.8371, 11.40835, 7.82503], "texture": "#6"},
				"west": {"uv": [13.41088, 8.1991, 16, 9.35062], "texture": "#6"},
				"up": {"uv": [13.7244, 8.52489, 14.92457, 9.5264], "texture": "#6"},
				"down": {"uv": [13.85588, 8.46456, 14.50316, 9.07391], "texture": "#6"}
			}
		}
	],
	"display": {
		"fixed": {
			"rotation": [-90, 0, 0],
			"translation": [0.25, -2.75, -21.75],
			"scale": [2.04493, 2.73633, 2.14063]
		}
	},
	"groups": [
		0,
		1,
		2,
		3,
		4,
		5,
		6,
		7,
		{
			"name": "Pot",
			"origin": [0, 0, 0],
			"color": 0,
			"children": [8, 9, 10, 11, 12, 13]
		},
		{
			"name": "Pot",
			"origin": [0, 0, 0],
			"color": 0,
			"children": [14, 15, 16, 17, 18, 19]
		}
	]
}