{
	"parent": "minecraft:block/orientable",
	"textures": {
		"0": "item/helmet",
		"particle": "item/helmet"
	},
	"elements": [
		{
			"from": [8, 8, 8],
			"to": [9, 9, 9],
			"faces": {
				"north": {"uv": [0, 0, 1, 1], "texture": "#0"},
				"east": {"uv": [0, 1, 1, 2], "texture": "#0"},
				"south": {"uv": [1, 0, 2, 1], "texture": "#0"},
				"west": {"uv": [1, 1, 2, 2], "texture": "#0"},
				"up": {"uv": [1, 3, 0, 2], "texture": "#0"},
				"down": {"uv": [3, 0, 2, 1], "texture": "#0"}
			}
		}
	]
}