{
	"credit": "Made with Blockbench",
	"textures": {
		"0": "block/jungle_planks",
		"particle": "block/jungle_planks"
	},
	"elements": [
		{
			"from": [14, 0, 14],
			"to": [16, 13, 16],
			"faces": {
				"north": {"uv": [0, 0, 2, 13], "texture": "#0"},
				"east": {"uv": [0, 0, 2, 13], "texture": "#0"},
				"south": {"uv": [0, 0, 2, 13], "texture": "#0"},
				"west": {"uv": [0, 0, 2, 13], "texture": "#0"},
				"up": {"uv": [0, 0, 2, 2], "texture": "#0"},
				"down": {"uv": [0, 0, 2, 2], "texture": "#0"}
			}
		},
		{
			"from": [14, 0, 0],
			"to": [16, 13, 2],
			"faces": {
				"north": {"uv": [0, 0, 2, 13], "texture": "#0"},
				"east": {"uv": [0, 0, 2, 13], "texture": "#0"},
				"south": {"uv": [0, 0, 2, 13], "texture": "#0"},
				"west": {"uv": [0, 0, 2, 13], "texture": "#0"},
				"up": {"uv": [0, 0, 2, 2], "texture": "#0"},
				"down": {"uv": [0, 0, 2, 2], "texture": "#0"}
			}
		},
		{
			"from": [0, 0, 14],
			"to": [2, 13, 16],
			"faces": {
				"north": {"uv": [0, 0, 2, 13], "texture": "#0"},
				"east": {"uv": [0, 0, 2, 13], "texture": "#0"},
				"south": {"uv": [0, 0, 2, 13], "texture": "#0"},
				"west": {"uv": [0, 0, 2, 13], "texture": "#0"},
				"up": {"uv": [0, 0, 2, 2], "texture": "#0"},
				"down": {"uv": [0, 0, 2, 2], "texture": "#0"}
			}
		},
		{
			"from": [0, 0, 0],
			"to": [2, 13, 2],
			"faces": {
				"north": {"uv": [0, 0, 2, 13], "texture": "#0"},
				"east": {"uv": [0, 0, 2, 13], "texture": "#0"},
				"south": {"uv": [0, 0, 2, 13], "texture": "#0"},
				"west": {"uv": [0, 0, 2, 13], "texture": "#0"},
				"up": {"uv": [0, 0, 2, 2], "texture": "#0"},
				"down": {"uv": [0, 0, 2, 2], "texture": "#0"}
			}
		},
		{
			"from": [0, 13, 0],
			"to": [16, 14, 16],
			"faces": {
				"north": {"uv": [0, 0, 16, 1], "texture": "#0"},
				"east": {"uv": [0, 0, 16, 1], "texture": "#0"},
				"south": {"uv": [0, 0, 16, 1], "texture": "#0"},
				"west": {"uv": [0, 0, 16, 1], "texture": "#0"},
				"up": {"uv": [0, 0, 16, 16], "texture": "#0"},
				"down": {"uv": [0, 0, 16, 16], "texture": "#0"}
			}
		},
		{
			"from": [0, 14, 0],
			"to": [16, 16, 2],
			"faces": {
				"north": {"uv": [0, 0, 16, 2], "texture": "#0"},
				"east": {"uv": [0, 0, 2, 2], "texture": "#0"},
				"south": {"uv": [0, 0, 16, 2], "texture": "#0"},
				"west": {"uv": [0, 0, 2, 2], "texture": "#0"},
				"up": {"uv": [0, 0, 16, 2], "texture": "#0"},
				"down": {"uv": [0, 0, 16, 2], "texture": "#0"}
			}
		},
		{
			"from": [14, 16, 0],
			"to": [16, 29, 2],
			"faces": {
				"north": {"uv": [0, 0, 2, 13], "texture": "#0"},
				"east": {"uv": [0, 0, 2, 13], "texture": "#0"},
				"south": {"uv": [0, 0, 2, 13], "texture": "#0"},
				"west": {"uv": [0, 0, 2, 13], "texture": "#0"},
				"up": {"uv": [0, 0, 2, 2], "texture": "#0"},
				"down": {"uv": [0, 0, 2, 2], "texture": "#0"}
			}
		},
		{
			"from": [11, 16, 0],
			"to": [13, 29, 2],
			"faces": {
				"north": {"uv": [0, 0, 2, 13], "texture": "#0"},
				"east": {"uv": [0, 0, 2, 13], "texture": "#0"},
				"south": {"uv": [0, 0, 2, 13], "texture": "#0"},
				"west": {"uv": [0, 0, 2, 13], "texture": "#0"},
				"up": {"uv": [0, 0, 2, 2], "texture": "#0"},
				"down": {"uv": [0, 0, 2, 2], "texture": "#0"}
			}
		},
		{
			"from": [7, 16, 0],
			"to": [9, 29, 2],
			"faces": {
				"north": {"uv": [0, 0, 2, 13], "texture": "#0"},
				"east": {"uv": [0, 0, 2, 13], "texture": "#0"},
				"south": {"uv": [0, 0, 2, 13], "texture": "#0"},
				"west": {"uv": [0, 0, 2, 13], "texture": "#0"},
				"up": {"uv": [0, 0, 2, 2], "texture": "#0"},
				"down": {"uv": [0, 0, 2, 2], "texture": "#0"}
			}
		},
		{
			"from": [3, 16, 0],
			"to": [5, 29, 2],
			"faces": {
				"north": {"uv": [0, 0, 2, 13], "texture": "#0"},
				"east": {"uv": [0, 0, 2, 13], "texture": "#0"},
				"south": {"uv": [0, 0, 2, 13], "texture": "#0"},
				"west": {"uv": [0, 0, 2, 13], "texture": "#0"},
				"up": {"uv": [0, 0, 2, 2], "texture": "#0"},
				"down": {"uv": [0, 0, 2, 2], "texture": "#0"}
			}
		},
		{
			"from": [0, 16, 0],
			"to": [2, 29, 2],
			"faces": {
				"north": {"uv": [0, 0, 2, 13], "texture": "#0"},
				"east": {"uv": [0, 0, 2, 13], "texture": "#0"},
				"south": {"uv": [0, 0, 2, 13], "texture": "#0"},
				"west": {"uv": [0, 0, 2, 13], "texture": "#0"},
				"up": {"uv": [0, 0, 2, 2], "texture": "#0"},
				"down": {"uv": [0, 0, 2, 2], "texture": "#0"}
			}
		},
		{
			"from": [0, 29, 0],
			"to": [16, 31, 2],
			"faces": {
				"north": {"uv": [0, 0, 16, 2], "texture": "#0"},
				"east": {"uv": [0, 0, 2, 2], "texture": "#0"},
				"south": {"uv": [0, 0, 16, 2], "texture": "#0"},
				"west": {"uv": [0, 0, 2, 2], "texture": "#0"},
				"up": {"uv": [0, 0, 16, 2], "texture": "#0"},
				"down": {"uv": [0, 0, 16, 2], "texture": "#0"}
			}
		}
	],
	"groups": [
		{
			"name": "Legs",
			"origin": [0, 0, 0],
			"color": 0,
			"nbt": "{}",
			"children": [0, 1, 2, 3]
		},
		{
			"name": "Top",
			"origin": [0, 0, 0],
			"color": 0,
			"nbt": "{}",
			"children": [4, 5, 6, 7, 8, 9, 10, 11]
		}
	]
}