{
	"credit": "Made with Blockbench",
	"texture_size": [18, 52],
	"textures": {
		"3": "item/red_arrow"
	},
	"elements": [
		{
			"from": [5, 0, 11],
			"to": [11, 2, 21],
			"rotation": {"angle": 0, "axis": "x", "origin": [5, 0, 11]},
			"faces": {
				"north": {"uv": [0.88889, 0.30769, 6.22222, 0.92308], "texture": "#3"},
				"east": {"uv": [0.88889, 0.30769, 9.77778, 0.92308], "texture": "#3"},
				"south": {"uv": [0.88889, 0.30769, 6.22222, 0.92308], "texture": "#3"},
				"west": {"uv": [0.88889, 0.30769, 9.77778, 0.92308], "texture": "#3"},
				"up": {"uv": [0.88889, 5.53846, 6.22222, 8.61538], "texture": "#3"},
				"down": {"uv": [0.88889, 0.30769, 6.22222, 3.38462], "texture": "#3"}
			}
		},
		{
			"from": [3, 0, 2],
			"to": [13, 2, 12],
			"rotation": {"angle": 45, "axis": "y", "origin": [8, 1, 7]},
			"faces": {
				"north": {"uv": [0.88889, 0.30769, 9.77778, 0.92308], "texture": "#3"},
				"east": {"uv": [0.88889, 0.30769, 9.77778, 0.92308], "texture": "#3"},
				"south": {"uv": [0.88889, 0.30769, 9.77778, 0.92308], "texture": "#3"},
				"west": {"uv": [0.88889, 0.30769, 9.77778, 0.92308], "texture": "#3"},
				"up": {"uv": [0.88889, 5.53846, 9.77778, 8.61538], "texture": "#3"},
				"down": {"uv": [0.88889, 0.30769, 9.77778, 3.38462], "texture": "#3"}
			}
		},
		{
			"from": [0.93, 0, 7],
			"to": [15.07, 2, 11],
			"rotation": {"angle": 0, "axis": "x", "origin": [1, 0, 7]},
			"faces": {
				"north": {"uv": [0.88889, 0.30769, 13.45778, 0.92308], "texture": "#3"},
				"east": {"uv": [0.88889, 0.30769, 4.44444, 0.92308], "texture": "#3"},
				"south": {"uv": [0.88889, 0.30769, 13.45778, 0.92308], "texture": "#3"},
				"west": {"uv": [0.88889, 0.30769, 4.44444, 0.92308], "texture": "#3"},
				"up": {"uv": [0.88889, 5.53846, 13.45778, 6.76923], "texture": "#3"},
				"down": {"uv": [0.88889, 0.30769, 13.45778, 1.53846], "texture": "#3"}
			}
		},
		{
			"from": [4, 1, 12],
			"to": [12, 1, 22],
			"rotation": {"angle": 0, "axis": "x", "origin": [8, 1, 14]},
			"faces": {
				"north": {"uv": [0.88889, 0.30769, 8, 0.30769], "texture": "#3"},
				"east": {"uv": [0.88889, 0.30769, 9.77778, 0.30769], "texture": "#3"},
				"south": {"uv": [0.88889, 0.30769, 8, 0.30769], "texture": "#3"},
				"west": {"uv": [0.88889, 0.30769, 9.77778, 0.30769], "texture": "#3"},
				"up": {"uv": [0.88889, 0.30769, 9.77778, 2.76923], "rotation": 270, "texture": "#3"},
				"down": {"uv": [0.88889, 0.30769, 9.77778, 2.76923], "rotation": 90, "texture": "#3"}
			}
		},
		{
			"from": [12, 0, 13],
			"to": [13, 2, 23],
			"rotation": {"angle": 0, "axis": "x", "origin": [12, 0, 13]},
			"faces": {
				"north": {"uv": [0.88889, 0.30769, 1.77778, 0.92308], "texture": "#3"},
				"east": {"uv": [0.88889, 0.30769, 9.77778, 0.92308], "texture": "#3"},
				"south": {"uv": [0.88889, 0.30769, 1.77778, 0.92308], "texture": "#3"},
				"west": {"uv": [0.88889, 0.30769, 9.77778, 0.92308], "texture": "#3"},
				"up": {"uv": [0.88889, 10.76923, 1.77778, 13.84615], "texture": "#3"},
				"down": {"uv": [0.88889, 0.30769, 1.77778, 3.38462], "texture": "#3"}
			}
		},
		{
			"from": [4, 0, 22],
			"to": [12, 2, 23],
			"rotation": {"angle": 0, "axis": "x", "origin": [14, 0, 22]},
			"faces": {
				"north": {"uv": [0.88889, 0.30769, 8, 0.92308], "texture": "#3"},
				"east": {"uv": [0.88889, 0.30769, 1.77778, 0.92308], "texture": "#3"},
				"south": {"uv": [0.88889, 0.30769, 8, 0.92308], "texture": "#3"},
				"west": {"uv": [0.88889, 0.30769, 1.77778, 0.92308], "texture": "#3"},
				"up": {"uv": [0.88889, 10.76923, 1.77778, 13.23077], "rotation": 90, "texture": "#3"},
				"down": {"uv": [0.88889, 0.30769, 1.77778, 2.76923], "rotation": 270, "texture": "#3"}
			}
		},
		{
			"from": [12, 0, 12],
			"to": [17, 2, 13],
			"rotation": {"angle": 0, "axis": "x", "origin": [22, 0, 12]},
			"faces": {
				"north": {"uv": [0.88889, 0.30769, 5.33333, 0.92308], "texture": "#3"},
				"east": {"uv": [0.88889, 0.30769, 1.77778, 0.92308], "texture": "#3"},
				"south": {"uv": [0.88889, 0.30769, 5.33333, 0.92308], "texture": "#3"},
				"west": {"uv": [0.88889, 0.30769, 1.77778, 0.92308], "texture": "#3"},
				"up": {"uv": [0.88889, 10.76923, 1.77778, 12.30769], "rotation": 90, "texture": "#3"},
				"down": {"uv": [0.88889, 0.30769, 1.77778, 1.84615], "rotation": 270, "texture": "#3"}
			}
		},
		{
			"from": [16, 0, 6.25],
			"to": [17, 2, 12],
			"rotation": {"angle": 0, "axis": "x", "origin": [16.5, 1, 9.5]},
			"faces": {
				"north": {"uv": [0.88889, 0.30769, 1.77778, 0.92308], "texture": "#3"},
				"east": {"uv": [0.88889, 0.30769, 6, 0.92308], "texture": "#3"},
				"south": {"uv": [0.88889, 0.30769, 1.77778, 0.92308], "texture": "#3"},
				"west": {"uv": [0.88889, 0.30769, 6, 0.92308], "texture": "#3"},
				"up": {"uv": [0.88889, 10.76923, 1.77778, 12.53846], "texture": "#3"},
				"down": {"uv": [0.88889, 0.30769, 1.77778, 2.07692], "texture": "#3"}
			}
		},
		{
			"from": [-1, 0, 6.25],
			"to": [0, 2, 12],
			"rotation": {"angle": 0, "axis": "x", "origin": [-0.5, 1, 9.5]},
			"faces": {
				"north": {"uv": [0.88889, 0.30769, 1.77778, 0.92308], "texture": "#3"},
				"east": {"uv": [0.88889, 0.30769, 6, 0.92308], "texture": "#3"},
				"south": {"uv": [0.88889, 0.30769, 1.77778, 0.92308], "texture": "#3"},
				"west": {"uv": [0.88889, 0.30769, 6, 0.92308], "texture": "#3"},
				"up": {"uv": [0.88889, 10.76923, 1.77778, 12.53846], "texture": "#3"},
				"down": {"uv": [0.88889, 0.30769, 1.77778, 2.07692], "texture": "#3"}
			}
		},
		{
			"from": [4.575, 0, 5.05],
			"to": [17.075, 2, 6.05],
			"rotation": {"angle": -45, "axis": "y", "origin": [15.575, 1, 5.55]},
			"faces": {
				"north": {"uv": [0.88889, 0.30769, 12, 0.92308], "texture": "#3"},
				"east": {"uv": [0.88889, 0.30769, 1.77778, 0.92308], "texture": "#3"},
				"south": {"uv": [0.88889, 0.30769, 12, 0.92308], "texture": "#3"},
				"west": {"uv": [0.88889, 0.30769, 1.77778, 0.92308], "texture": "#3"},
				"up": {"uv": [0.88889, 10.76923, 1.77778, 14.61538], "rotation": 270, "texture": "#3"},
				"down": {"uv": [0.88889, 0.30769, 1.77778, 4.15385], "rotation": 90, "texture": "#3"}
			}
		},
		{
			"from": [-2.25343, 0, 2.22157],
			"to": [10.46397, 2, 3.22157],
			"rotation": {"angle": 45, "axis": "y", "origin": [3.24657, 1, 2.72157]},
			"faces": {
				"north": {"uv": [0.88889, 0.30769, 12.19324, 0.92308], "texture": "#3"},
				"east": {"uv": [0.88889, 0.30769, 1.77778, 0.92308], "texture": "#3"},
				"south": {"uv": [0.88889, 0.30769, 12.19324, 0.92308], "texture": "#3"},
				"west": {"uv": [0.88889, 0.30769, 1.77778, 0.92308], "texture": "#3"},
				"up": {"uv": [0.88889, 10.76923, 1.77778, 14.68228], "rotation": 270, "texture": "#3"},
				"down": {"uv": [0.88889, 0.30769, 1.77778, 4.22074], "rotation": 90, "texture": "#3"}
			}
		},
		{
			"from": [-1, 0, 12],
			"to": [4, 2, 13],
			"rotation": {"angle": 0, "axis": "x", "origin": [9, 0, 12]},
			"faces": {
				"north": {"uv": [0.88889, 0.30769, 5.33333, 0.92308], "texture": "#3"},
				"east": {"uv": [0.88889, 0.30769, 1.77778, 0.92308], "texture": "#3"},
				"south": {"uv": [0.88889, 0.30769, 5.33333, 0.92308], "texture": "#3"},
				"west": {"uv": [0.88889, 0.30769, 1.77778, 0.92308], "texture": "#3"},
				"up": {"uv": [0.88889, 10.76923, 1.77778, 12.30769], "rotation": 90, "texture": "#3"},
				"down": {"uv": [0.88889, 0.30769, 1.77778, 1.84615], "rotation": 270, "texture": "#3"}
			}
		},
		{
			"from": [3, 0, 13],
			"to": [4, 2, 23],
			"rotation": {"angle": 0, "axis": "x", "origin": [3, 0, 13]},
			"faces": {
				"north": {"uv": [0.88889, 0.30769, 1.77778, 0.92308], "texture": "#3"},
				"east": {"uv": [0.88889, 0.30769, 9.77778, 0.92308], "texture": "#3"},
				"south": {"uv": [0.88889, 0.30769, 1.77778, 0.92308], "texture": "#3"},
				"west": {"uv": [0.88889, 0.30769, 9.77778, 0.92308], "texture": "#3"},
				"up": {"uv": [0.88889, 10.76923, 1.77778, 13.84615], "texture": "#3"},
				"down": {"uv": [0.88889, 0.30769, 1.77778, 3.38462], "texture": "#3"}
			}
		},
		{
			"from": [2, 1, 1],
			"to": [14, 1, 13],
			"rotation": {"angle": 45, "axis": "y", "origin": [8, 1, 7]},
			"faces": {
				"north": {"uv": [0.88889, 0.30769, 11.55556, 0.30769], "texture": "#3"},
				"east": {"uv": [0.88889, 0.30769, 11.55556, 0.30769], "texture": "#3"},
				"south": {"uv": [0.88889, 0.30769, 11.55556, 0.30769], "texture": "#3"},
				"west": {"uv": [0.88889, 0.30769, 11.55556, 0.30769], "texture": "#3"},
				"up": {"uv": [0.88889, 0.30769, 11.55556, 4], "texture": "#3"},
				"down": {"uv": [0.88889, 0.30769, 11.55556, 4], "texture": "#3"}
			}
		},
		{
			"from": [0, 1, 7],
			"to": [16, 1, 12],
			"rotation": {"angle": 0, "axis": "x", "origin": [8, 1, 7]},
			"faces": {
				"north": {"uv": [0.88889, 0.30769, 15.11111, 0.30769], "texture": "#3"},
				"east": {"uv": [0.88889, 0.30769, 5.33333, 0.30769], "texture": "#3"},
				"south": {"uv": [0.88889, 0.30769, 15.11111, 0.30769], "texture": "#3"},
				"west": {"uv": [0.88889, 0.30769, 5.33333, 0.30769], "texture": "#3"},
				"up": {"uv": [0.88889, 0.30769, 5.33333, 5.23077], "rotation": 270, "texture": "#3"},
				"down": {"uv": [0.88889, 0.30769, 5.33333, 5.23077], "rotation": 90, "texture": "#3"}
			}
		}
	],
	"gui_light": "front",
	"display": {
		"thirdperson_righthand": {
			"rotation": [75, 45, 0],
			"translation": [0, 2.5, 0],
			"scale": [0.375, 0.375, 0.375]
		},
		"thirdperson_lefthand": {
			"rotation": [75, 45, 0],
			"translation": [0, 2.5, 1.75],
			"scale": [0.375, 0.375, 0.375]
		},
		"firstperson_righthand": {
			"rotation": [90, 45, 0],
			"translation": [4.25, 2.25, 0],
			"scale": [0.2, 0.2, 0.2]
		},
		"firstperson_lefthand": {
			"rotation": [90, 45, 0],
			"translation": [4.25, 2.25, 0],
			"scale": [0.2, 0.2, 0.2]
		},
		"ground": {
			"rotation": [45, 0, 90],
			"translation": [0, 3, 0],
			"scale": [0.25, 0.25, 0.25]
		},
		"gui": {
			"rotation": [90, 45, 0],
			"translation": [-1.5, 1.5, 0],
			"scale": [0.6, 0.6, 0.6]
		},
		"head": {
			"translation": [0, 14.25, -4.25]
		},
		"fixed": {
			"rotation": [90, -45, 0],
			"translation": [3, 3, 6.5],
			"scale": [1.06836, 1.06836, 1.06836]
		}
	},
	"groups": [
		{
			"name": "Simple",
			"origin": [1, 0, 7],
			"color": 0,
			"children": [0, 1, 2]
		},
		{
			"name": "complex",
			"origin": [8, 1, 7],
			"color": 0,
			"children": [3, 4, 5, 6, 7, 8, 9, 10, 11, 12, 13, 14]
		}
	]
}