{
  "parent": "minecraft:item/generated",
  "textures": {
    "layer0": "minecraft:item/stick"
  },
  "overrides":[
    {"predicate":{"custom_model_data":1}, "model": "sunglasses"},
    {"predicate":{"custom_model_data":3}, "model": "crown"},
    {"predicate":{"custom_model_data":4}, "model": "tophat"},
    {"predicate":{"custom_model_data":5}, "model": "table"},
    {"predicate":{"custom_model_data":6}, "model": "board"},
    {"predicate":{"custom_model_data":7}, "model": "chair"},
    {"predicate":{"custom_model_data":8}, "model": "barrel"},
    {"predicate":{"custom_model_data":10}, "model": "horse"},
    {"predicate":{"custom_model_data":11}, "model": "stand"},
    {"predicate":{"custom_model_data":12}, "model": "red_arrow"},
    {"predicate":{"custom_model_data":13}, "model": "namestand"}
  ]
}