{
  "parent": "minecraft:item/generated",
  "textures": {
    "layer0": "minecraft:item/stick"
  },
  "overrides":[
    {"predicate":{"custom_model_data":1}, "model": "item/custom/gear/green"},
    {"predicate":{"custom_model_data":2}, "model": "item/custom/gear/pink"},
    {"predicate":{"custom_model_data":3}, "model": "item/custom/gear/orange"},
    {"predicate":{"custom_model_data":4}, "model": "item/custom/gear/blue"},
    {"predicate":{"custom_model_data":5}, "model": "block/custom/table"},
    {"predicate":{"custom_model_data":6}, "model": "block/custom/board"}
  ]
}