{
  "parent": "minecraft:item/generated",
  "textures": {
    "layer0": "minecraft:item/stick"
  },
  "overrides":[
    {"predicate":{"custom_model_data":1}, "model": "custom/gear/green"},
    {"predicate":{"custom_model_data":2}, "model": "custom/gear/pink"},
    {"predicate":{"custom_model_data":3}, "model": "custom/gear/orange"},
    {"predicate":{"custom_model_data":4}, "model": "custom/gear/blue"},
    {"predicate":{"custom_model_data":5}, "model": "custom/table"},
    {"predicate":{"custom_model_data":6}, "model": "custom/board"},
    {"predicate":{"custom_model_data":7}, "model": "custom/chair"},
    {"predicate":{"custom_model_data":8}, "model": "custom/barrel"},
    {"predicate":{"custom_model_data":9}, "model": "custom/rainboat"}

  ]
}