{
	"credit": "Made with Blockbench",
	"textures": {
		"0": "custom/gear/green.png",
		"particle": "custom/gear/green.png"
	},
	"elements": [
		{
			"from": [10, 7, 0],
			"to": [12, 9, 1],
			"faces": {
				"north": {"uv": [0, 0, 2, 2], "texture": "#0"},
				"east": {"uv": [0, 0, 1, 2], "texture": "#0"},
				"south": {"uv": [0, 0, 2, 2], "texture": "#0"},
				"west": {"uv": [0, 0, 1, 2], "texture": "#0"},
				"up": {"uv": [0, 0, 2, 1], "texture": "#0"},
				"down": {"uv": [0, 0, 2, 1], "texture": "#0"}
			}
		},
		{
			"from": [4, 7, 0],
			"to": [6, 9, 1],
			"faces": {
				"north": {"uv": [0, 0, 2, 2], "texture": "#0"},
				"east": {"uv": [0, 0, 1, 2], "texture": "#0"},
				"south": {"uv": [0, 0, 2, 2], "texture": "#0"},
				"west": {"uv": [0, 0, 1, 2], "texture": "#0"},
				"up": {"uv": [0, 0, 2, 1], "texture": "#0"},
				"down": {"uv": [0, 0, 2, 1], "texture": "#0"}
			}
		},
		{
			"from": [4, 2, 0],
			"to": [12, 4, 1],
			"faces": {
				"north": {"uv": [0, 0, 8, 2], "texture": "#0"},
				"east": {"uv": [0, 6, 1, 8], "texture": "#0"},
				"south": {"uv": [0, 2, 8, 4], "texture": "#0"},
				"west": {"uv": [1, 6, 2, 8], "texture": "#0"},
				"up": {"uv": [8, 5, 0, 4], "texture": "#0"},
				"down": {"uv": [8, 5, 0, 6], "texture": "#0"}
			}
		}
	]
}